geo_id,deped_id,school_name,address,adm0,adm1,adm2,adm3
GUY-000000,,Baramita/C,Baramita Primary School,GUY,Barima-Waini,,
GUY-000001,,Hosororo,"Hosororo Hill, Barima River",GUY,Barima-Waini,,
GUY-000002,,Port Kaituma,"School Road,Port Kaituma, Matarkai",GUY,Barima-Waini,,
GUY-000003,,Wauna,"Wauna Scheme, Barima Waini",GUY,Barima-Waini,,
GUY-000004,,Fall Top/C,"Eclipse Falls, Port Kaituma",GUY,Barima-Waini,,
GUY-000005,,Koko,Santa Rosa Village,GUY,Barima-Waini,,
GUY-000006,,Assakata/C,Assakata Primary School,GUY,Barima-Waini,,
GUY-000007,,White Water,"White Water Village, Wauna",GUY,Barima-Waini,,
GUY-000008,,Wallaba/C,Wallaba Primary School,GUY,Barima-Waini,,
GUY-000009,,Four Miles,"Four Miles, Port Kaituma",GUY,Barima-Waini,,
GUY-000010,,Hobedia/C,Hobedia Primary School,GUY,Barima-Waini,,
GUY-000011,,"Barabina/C.,",Barabina Primary School,GUY,Barima-Waini,,
GUY-000012,,Sheba,Mabaruma Settlement,GUY,Barima-Waini,,
GUY-000013,,Santa Rosa,"Santa Rosa Mission, Kumaka, Moruca",GUY,Barima-Waini,,
GUY-000014,,Pakera,"Matthew'S Ridge, Barima Waini",GUY,Barima-Waini,,
GUY-000015,,Bumbury,"Bumbury Hill, Barima/Waini",GUY,Barima-Waini,,
GUY-000016,,St Margaret'S/C,St Maragaret'S Primary School,GUY,Barima-Waini,,
GUY-000017,,Kamwatta Mabaruma/C,Kamwatta Village..Mab,GUY,Barima-Waini,,
GUY-000018,,Kwebana,"Kwebana, Waini River Moruca",GUY,Barima-Waini,,
GUY-000019,,Waramuri,"Waramuri, Moruca",GUY,Barima-Waini,,
GUY-000020,,Peter & Paul /C,Peter & Paul Primary School,GUY,Barima-Waini,,
GUY-000021,,Arakaka/C,Arakaka Landing,GUY,Barima-Waini,,
GUY-000022,,St. Nicholas…..,"Manawarin Village,Moruca Creek",GUY,Barima-Waini,,
GUY-000023,,Yarakita/C,"Yarakita, Barima Waini",GUY,Barima-Waini,,
GUY-000024,,Karaburi..,6 Miles K/K Road Moruca,GUY,Barima-Waini,,
GUY-000025,,Hotoquai/C,Hotoquai Primary School,GUY,Barima-Waini,,
GUY-000026,,Warapoka/C,"Warapoka, Waini Village",GUY,Barima-Waini,,
GUY-000027,,Haimacabra/C,Haimacabra Primary School,GUY,Barima-Waini,,
GUY-000028,,Santa Cruz/C,Santa Cruz Primary,GUY,Barima-Waini,,
GUY-000029,,Unity Square/C,Unity Square Primary,GUY,Barima-Waini,,
GUY-000030,,St. Anthony'S/C,St. Anthony'S Primary,GUY,Barima-Waini,,
GUY-000031,,Parakese,"Parakese, Santa Rosa, Moruca.",GUY,Barima-Waini,,
GUY-000032,,Canal Bank,"Canal Bank, Port Kaituma",GUY,Barima-Waini,,
GUY-000033,,Aruka/C,Aruka Primary,GUY,Barima-Waini,,
GUY-000034,,Kamwatta/C,"Kamwatta Village, Moruca",GUY,Barima-Waini,,
GUY-000035,,Mabaruma,"Mabaruma, Township, Barima River",GUY,Barima-Waini,,
GUY-000036,,Koberimo,"Koberimo Village, Mabaruma",GUY,Barima-Waini,,
GUY-000037,,"Santa Rosa,,","Kumaka, Moruca River",GUY,Barima-Waini,,
GUY-000038,,St. Mary'S...,"Koriabo, Aruka River",GUY,Barima-Waini,,
GUY-000039,,Barabina,Barabina Hill,GUY,Barima-Waini,,
GUY-000040,,Warapoka,"Warapoka, Waini River",GUY,Barima-Waini,,
GUY-000041,,"St. Anthony'S,,,","Koriabo, Barima/Waini",GUY,Barima-Waini,,
GUY-000042,,St. Anslem'S,Lower Barima Creek,GUY,Barima-Waini,,
GUY-000043,,Kariaku,"Barama River, Moruca",GUY,Barima-Waini,,
GUY-000044,,Falls Top,"Eclipse Falls, Port Kaituma",GUY,Barima-Waini,,
GUY-000045,,Kachikamo,"Kachikamo, Three Brothers Village, Waini River",GUY,Barima-Waini,,
GUY-000046,,White Water..,"White Water Village, Mabaruma",GUY,Barima-Waini,,
GUY-000047,,Almond Beach,"Almond Beach, Waini Sea Coast",GUY,Barima-Waini,,
GUY-000048,,Kamwatta(Mabaruma),"Kamwatta Village, Mabaruma",GUY,Barima-Waini,,
GUY-000049,,St. Dominic'S,Aruka River,GUY,Barima-Waini,,
GUY-000050,,Port Kaituma.... ..,Port Kaituma Village…,GUY,Barima-Waini,,
GUY-000051,,Haimacabra…,"Haimacabra Village, Moruca Sub-Region",GUY,Barima-Waini,,
GUY-000052,,St. Bede'S,"St, Bede'S Mission",GUY,Barima-Waini,,
GUY-000053,,Sebai,"Sebai Mission, Sebai Creek",GUY,Barima-Waini,,
GUY-000054,,Hobedia,"Hobedia, Aruca River",GUY,Barima-Waini,,
GUY-000055,,Baramita,"Baramita, Barima/Waini",GUY,Barima-Waini,,
GUY-000056,,St. Nicholas,Moruca Creek,GUY,Barima-Waini,,
GUY-000057,,Mabaruma..,"Mabaruma Township, Barima River",GUY,Barima-Waini,,
GUY-000058,,St. John'S...,Lower Waini River,GUY,Barima-Waini,,
GUY-000059,,St. Cyprian'S,Barima River,GUY,Barima-Waini,,
GUY-000060,,Sacred Heart -,Aruka River,GUY,Barima-Waini,,
GUY-000061,,Karaburi,"6 Miles, K.K. Road",GUY,Barima-Waini,,
GUY-000062,,Peter & Paul..,"Morawhanna, Barima River",GUY,Barima-Waini,,
GUY-000063,,Kamwatta (Moruca),"Kamwatta Village, Moruca River",GUY,Barima-Waini,,
GUY-000064,,Kokerite,Barama River,GUY,Barima-Waini,,
GUY-000065,,Hosororo.,"Hosororo Village, Barima River",GUY,Barima-Waini,,
GUY-000066,,St. Ninian'S,Red Hill Barima River,GUY,Barima-Waini,,
GUY-000067,,Kwebana.,"Kwebana,Waini River",GUY,Barima-Waini,,
GUY-000068,,Wallaba,"10 Miles Kumaka-Kwebana Road, Moruca",GUY,Barima-Waini,,
GUY-000069,,Black Water,"Barima River, North West",GUY,Barima-Waini,,
GUY-000070,,Matthews Ridge,"Matthew Ridge, Barima River",GUY,Barima-Waini,,
GUY-000071,,St. Margaret'S ..,"Koriabo, Barima River",GUY,Barima-Waini,,
GUY-000072,,Assakata,"Assakata Village, Assakata Creek",GUY,Barima-Waini,,
GUY-000073,,Chinese Landing,"Mabaruma Barama River, Moruca",GUY,Barima-Waini,,
GUY-000074,,Yarakita,Yarakita Barima/Waini,GUY,Barima-Waini,,
GUY-000075,,Arakaka,Arakaka Landing,GUY,Barima-Waini,,
GUY-000076,,Wauna..,Wauna Scheme,GUY,Barima-Waini,,
GUY-000077,,Santa Cruz,"Santa Cruz Barama Mouth, Waini River",GUY,Barima-Waini,,
GUY-000078,,Waramuri..,"Wauramuri Creek, Waini River",GUY,Barima-Waini,,
GUY-000079,,Lower Kaituma,Moruca Lower Kaituma River.,GUY,Barima-Waini,,
GUY-000080,,Hotoquai,"Mabaruma, Barima River",GUY,Barima-Waini,,
GUY-000081,,Aruka,Aruka River,GUY,Barima-Waini,,
GUY-000082,,Unity Square,"Unity Square, Barima River",GUY,Barima-Waini,,
GUY-000083,,North West,"Mabaruma , Barima River",GUY,Barima-Waini,,
GUY-000084,,Port Kaituma ..,"Port Kaituma, Barima Waini",GUY,Barima-Waini,,
GUY-000085,,Santa Rosa....,"Kumaka, Moruca River",GUY,Barima-Waini,,
GUY-000086,,Hibernia,Hebernia,GUY,Pomeroon-Supernaam,,
GUY-000087,,Tapakuma Lake /C,Tapakuma Lake Primary School,GUY,Pomeroon-Supernaam,,
GUY-000088,,Kabakaburi,Kabakaburi Pomeroon River,GUY,Pomeroon-Supernaam,,
GUY-000089,,Marlborough /C,Marlborough Primary School,GUY,Pomeroon-Supernaam,,
GUY-000090,,Reliance,"Reliance, Essequibo Coast",GUY,Pomeroon-Supernaam,,
GUY-000091,,Cotton Field,"Cotton Field, Essequibo",GUY,Pomeroon-Supernaam,,
GUY-000092,,Dredge Creek /C,Dredge Creek Primary School,GUY,Pomeroon-Supernaam,,
GUY-000093,,Richmond,"Richmond Village, Essequibo Coast",GUY,Pomeroon-Supernaam,,
GUY-000094,,St. John'S /C,St. John'S Lower Pomeroon,GUY,Pomeroon-Supernaam,,
GUY-000095,,Bethany /C,Bethany Primary School,GUY,Pomeroon-Supernaam,,
GUY-000096,,Mashabo /C,Mashabo Primary School,GUY,Pomeroon-Supernaam,,
GUY-000097,,Danielstown,"Danielstown Village, Essequibo Coast",GUY,Pomeroon-Supernaam,,
GUY-000098,,St. Monica'S…,St. Monica'S Mission Upper Pomeroon,GUY,Pomeroon-Supernaam,,
GUY-000099,,Queenstown...,"Queenstown, Essequibo Coast",GUY,Pomeroon-Supernaam,,
GUY-000100,,Lima Sand….,"Lima Sands, Essequibo Coast.",GUY,Pomeroon-Supernaam,,
GUY-000101,,Hampton Court,"Hampton Court, Essequibo Coast",GUY,Pomeroon-Supernaam,,
GUY-000102,,Charity,"Charity, Pomeroon",GUY,Pomeroon-Supernaam,,
GUY-000103,,Huis'T Dieren,"Huist' Dieren, Essequibo Coast",GUY,Pomeroon-Supernaam,,
GUY-000104,,Liberty /C,Liberty Primary School,GUY,Pomeroon-Supernaam,,
GUY-000105,,Zorg,"Johanna Cecilia, Essequibo Coast",GUY,Pomeroon-Supernaam,,
GUY-000106,,Capoey Lake /C,Capoey Primary School,GUY,Pomeroon-Supernaam,,
GUY-000107,,Better Success,"Better Success, Essequibo Coast",GUY,Pomeroon-Supernaam,,
GUY-000108,,Riverstown,"Riverstown Village, Essequibo Coast",GUY,Pomeroon-Supernaam,,
GUY-000109,,Lilydale/C,Lilydale Primary School,GUY,Pomeroon-Supernaam,,
GUY-000110,,Lima,Lima,GUY,Pomeroon-Supernaam,,
GUY-000111,,Hackney....,"Hackney, Lower  Pomeroon River",GUY,Pomeroon-Supernaam,,
GUY-000112,,Adventure,"Adventure, Essequibo Coast",GUY,Pomeroon-Supernaam,,
GUY-000113,,Siriki /C,Siriki Primary School,GUY,Pomeroon-Supernaam,,
GUY-000114,,Friendship /C,Friendship Primary School,GUY,Pomeroon-Supernaam,,
GUY-000115,,Abram'S Zuil,Abram'S Zuil,GUY,Pomeroon-Supernaam,,
GUY-000116,,Fisher,"Golden Fleece, Essequibo Coast",GUY,Pomeroon-Supernaam,,
GUY-000117,,Anna Regina,"Anna Regina, Essequibo Coast",GUY,Pomeroon-Supernaam,,
GUY-000118,,Jacklow,"Jacklow, Pomeroon River",GUY,Pomeroon-Supernaam,,
GUY-000119,,Mainstay Lake /C,Mainstay Lake Primary School,GUY,Pomeroon-Supernaam,,
GUY-000120,,Martindale,Martindale Pomeroon River,GUY,Pomeroon-Supernaam,,
GUY-000121,,Maria'S Lodge,"Maria'S  Lodge, Essequibo Coast",GUY,Pomeroon-Supernaam,,
GUY-000122,,Flora,"Dartmouth Village, Essequibo Coast",GUY,Pomeroon-Supernaam,,
GUY-000123,,Affiance,"Affiance, Essequibo Coast",GUY,Pomeroon-Supernaam,,
GUY-000124,,"Aurora,","Aurora Village, Essequibo Coast",GUY,Pomeroon-Supernaam,,
GUY-000125,,Akawini /C,Akawini Primary School,GUY,Pomeroon-Supernaam,,
GUY-000126,,Mabel Sandy…..,Mabel Sandy Upper Pomeroon,GUY,Pomeroon-Supernaam,,
GUY-000127,,Good Hope,"Good Hope, Essequibo Coast",GUY,Pomeroon-Supernaam,,
GUY-000128,,Somerset & Berks,"Somerset & Berks, Essequibo Coast",GUY,Pomeroon-Supernaam,,
GUY-000129,,Abram'S Creek /C,Abram'S Creek Primary,GUY,Pomeroon-Supernaam,,
GUY-000130,,Anna  Regina New,Anna Regina,GUY,Pomeroon-Supernaam,,
GUY-000131,,Walton Hall,"Walton Hall, Essequibo Coast",GUY,Pomeroon-Supernaam,,
GUY-000132,,Onderneeming,Onderneeming,GUY,Pomeroon-Supernaam,,
GUY-000133,,Yarashima/C,Yarashima Primary School,GUY,Pomeroon-Supernaam,,
GUY-000134,,Ulele…..,Ulele Upper Pomeroon,GUY,Pomeroon-Supernaam,,
GUY-000135,,Wakapoa /C,Wakapoa Primary School,GUY,Pomeroon-Supernaam,,
GUY-000136,,School Of The Nations..,Land Of Plenty,GUY,Pomeroon-Supernaam,,
GUY-000137,,Hackney.,"Hackney Mission, Lower Pomeroon River",GUY,Pomeroon-Supernaam,,
GUY-000138,,St. Monica…,"St. Monica Mission, Upper Pomeroon River",GUY,Pomeroon-Supernaam,,
GUY-000139,,Fisher.,"Golden Fleece, Essequibo Coast",GUY,Pomeroon-Supernaam,,
GUY-000140,,Friendship-,"Friendship, Lower Pomeroon",GUY,Pomeroon-Supernaam,,
GUY-000141,,8Th Of May..,"Darmouth Village, Essequibo Coast",GUY,Pomeroon-Supernaam,,
GUY-000142,,Mabel Sandy.,"Mora Settlement, Wakapoa River",GUY,Pomeroon-Supernaam,,
GUY-000143,,Queenstown.....,"Queenstown, Essequibo Coast",GUY,Pomeroon-Supernaam,,
GUY-000144,,"Aurora ,","Aurora Village, Essequibo Coast",GUY,Pomeroon-Supernaam,,
GUY-000145,,Marlborough..,Grant Hope  Lower Pomeroon River,GUY,Pomeroon-Supernaam,,
GUY-000146,,Liberty.,"Liberty, Lower Pomeroon River",GUY,Pomeroon-Supernaam,,
GUY-000147,,Abram'S Creek,"Abram'S Creek, Pomeroon River",GUY,Pomeroon-Supernaam,,
GUY-000148,,Bethany,Supernaam Creek,GUY,Pomeroon-Supernaam,,
GUY-000149,,Tapakuma Lake,Tapakuma Lake,GUY,Pomeroon-Supernaam,,
GUY-000150,,"Dredge Creek,","Dredge Creek, Pomeroon River",GUY,Pomeroon-Supernaam,,
GUY-000151,,Suddie,"Suddie, Essequibo Coast",GUY,Pomeroon-Supernaam,,
GUY-000152,,Taymouth Manor,"Affiance, Essequibo Coast",GUY,Pomeroon-Supernaam,,
GUY-000153,,Sparta,"Sparta, Essequibo Coast",GUY,Pomeroon-Supernaam,,
GUY-000154,,Mainstay Lake,"Mainstay Lake, Essequibo Coast",GUY,Pomeroon-Supernaam,,
GUY-000155,,"St. John.,","St. John, Lower Pomeroon River",GUY,Pomeroon-Supernaam,,
GUY-000156,,Siriki,"Siriki, Upper Pomeroon River",GUY,Pomeroon-Supernaam,,
GUY-000157,,Good Hope..,Goodhope Essequibo Coast,GUY,Pomeroon-Supernaam,,
GUY-000158,,Capoey.,"Capoey Mission, Capoey Lake",GUY,Pomeroon-Supernaam,,
GUY-000159,,Jacklow.,"Jacklow Mission, Upper Pomeroon River",GUY,Pomeroon-Supernaam,,
GUY-000160,,Mashabo..,"Mashabo, Ituribisi Lake",GUY,Pomeroon-Supernaam,,
GUY-000161,,Yarasharima,Pomeroon River,GUY,Pomeroon-Supernaam,,
GUY-000162,,Hampton Court.,"Hampton Court, Essequibo Coast",GUY,Pomeroon-Supernaam,,
GUY-000163,,C.V. Nunes,"Anna Regina, Essequibo Coast",GUY,Pomeroon-Supernaam,,
GUY-000164,,Lima Sands,"Lima Sands, Essequibo",GUY,Pomeroon-Supernaam,,
GUY-000165,,Ulele...,"Karawab, Upper Pomeroon River",GUY,Pomeroon-Supernaam,,
GUY-000166,,"Akawini.,",Akawini Creek Pomeroon River,GUY,Pomeroon-Supernaam,,
GUY-000167,,Huist' Dieren,"Huist' Dieren, Essequibo Coast",GUY,Pomeroon-Supernaam,,
GUY-000168,,Better Hope.,"Better Hope, Essequibo Coast",GUY,Pomeroon-Supernaam,,
GUY-000169,,Charity.,Charity Pomeroon River,GUY,Pomeroon-Supernaam,,
GUY-000170,,Wakapoa…,"St. Lucian Mission, Wakapoa River",GUY,Pomeroon-Supernaam,,
GUY-000171,,Kabakaburi.,"Kabakaburi, Pomeroon River",GUY,Pomeroon-Supernaam,,
GUY-000172,,Lilydale.,"Lilydale, Lower Pomeroon River",GUY,Pomeroon-Supernaam,,
GUY-000173,,Riverstown...,Riverstown Essequibo Coast,GUY,Pomeroon-Supernaam,,
GUY-000174,,Martindale..,"Grant Martindale, Lower Pomeroon River",GUY,Pomeroon-Supernaam,,
GUY-000175,,"Charity,","30-33 Public Rd, Charity, Pomeroon River",GUY,Pomeroon-Supernaam,,
GUY-000176,,8Th Of May,"Darmouth Village, Essequibo Coast",GUY,Pomeroon-Supernaam,,
GUY-000177,,Abram Zuil,Abram'S Zuil Essequibo Coast,GUY,Pomeroon-Supernaam,,
GUY-000178,,Aurora,"Aurora, Essequibo Coast",GUY,Pomeroon-Supernaam,,
GUY-000179,,Warapoka…,"St. Lucian Mission, Warapoka River",GUY,Pomeroon-Supernaam,,
GUY-000180,,Johanna Cecelia,Johanna Cecelia,GUY,Pomeroon-Supernaam,,
GUY-000181,,Anna Regina Multi.,"Cotton Field, Essequibo Coast",GUY,Pomeroon-Supernaam,,
GUY-000182,,"Cotton Field.,.","Cotton Field, Essequibo Coast",GUY,Pomeroon-Supernaam,,
GUY-000183,,Essequibo Technical Institute,"Essequibo,",GUY,Pomeroon-Supernaam,,
GUY-000184,,Vreed-En-Hoop #2,"Crane Housing Scheme, W.C.Dem",GUY,Essequibo Islands-West Demerara,,
GUY-000185,,Vive-La-Force /C,Vive- La- Force Primary School,GUY,Essequibo Islands-West Demerara,,
GUY-000186,,Upper Bonasika /C,Upper Bonasika Primary School,GUY,Essequibo Islands-West Demerara,,
GUY-000187,,Goed Fortuin,"Goed Fortuin Housing Scheme, W.B.D.",GUY,Essequibo Islands-West Demerara,,
GUY-000188,,Versaille,"Versaille, West Bank Demerara",GUY,Essequibo Islands-West Demerara,,
GUY-000189,,Sans Souci,"Sans Souci, Wakenaam",GUY,Essequibo Islands-West Demerara,,
GUY-000190,,Cornelia Ida,"Cornelia Ida, W.C.Dem",GUY,Essequibo Islands-West Demerara,,
GUY-000191,,Windsor Forest,"Main Street, Windsor Forest, W.C.Dem.",GUY,Essequibo Islands-West Demerara,,
GUY-000192,,Clairmont,"Clairmont Village, Leguan",GUY,Essequibo Islands-West Demerara,,
GUY-000193,,Vergenoegen..,"Vergenoegen, East Bank Essequibo",GUY,Essequibo Islands-West Demerara,,
GUY-000194,,Canal No.2,"29 South Section Canal No.2, West Bank Demerara",GUY,Essequibo Islands-West Demerara,,
GUY-000195,,Canal No.1,"Canal No.1 Polder, West Bank Demerara",GUY,Essequibo Islands-West Demerara,,
GUY-000196,,Vreed-En-Hoop #1,"49 New Road, Vreed En Hoop, W.C. Dem.",GUY,Essequibo Islands-West Demerara,,
GUY-000197,,Uitvlugt,"Ocean View, Uitvlugt, W.C. Dem.",GUY,Essequibo Islands-West Demerara,,
GUY-000198,,Morashee /C,Morashee Primary School,GUY,Essequibo Islands-West Demerara,,
GUY-000199,,Zeelandia/C,Zeelandia Primary School,GUY,Essequibo Islands-West Demerara,,
GUY-000200,,Exe'S,"Meten Meer Zorg, W.C.Dem",GUY,Essequibo Islands-West Demerara,,
GUY-000201,,Noitgedacht,"Arthurville, Wakenaam",GUY,Essequibo Islands-West Demerara,,
GUY-000202,,Ruby Back /C,Ruby Back Primary School,GUY,Essequibo Islands-West Demerara,,
GUY-000203,,La Bagetelle,"Belfield, Leguan",GUY,Essequibo Islands-West Demerara,,
GUY-000204,,Lanaballi /C,Lanaballi Primary School,GUY,Essequibo Islands-West Demerara,,
GUY-000205,,Bagotville,"Bagotsville, West Bank Dem.",GUY,Essequibo Islands-West Demerara,,
GUY-000206,,Sea View,"Tuschen North Scheme, East Bank Essequibo",GUY,Essequibo Islands-West Demerara,,
GUY-000207,,Blake,East Bank Esssequibo,GUY,Essequibo Islands-West Demerara,,
GUY-000208,,Zeelugt..,"Zeelugt South Housing Scheme, East Bank Essequibo",GUY,Essequibo Islands-West Demerara,,
GUY-000209,,Hague,"27 Hague Back Road, West Coast Demerara",GUY,Essequibo Islands-West Demerara,,
GUY-000210,,Hydronie,"Hydronie, East Bank Essequibo",GUY,Essequibo Islands-West Demerara,,
GUY-000211,,Parika Back,"Parika, East Bank Essequibo",GUY,Essequibo Islands-West Demerara,,
GUY-000212,,Farm,"Farm Village, East Bank Essequibo",GUY,Essequibo Islands-West Demerara,,
GUY-000213,,Endeavour..,"Endeavour Village, Leguan",GUY,Essequibo Islands-West Demerara,,
GUY-000214,,Success/C,Success Primary School,GUY,Essequibo Islands-West Demerara,,
GUY-000215,,Northern Hogg Island/C,Northern Hogg Island Primary,GUY,Essequibo Islands-West Demerara,,
GUY-000216,,Louisiana/C,Louisiana Primary School,GUY,Essequibo Islands-West Demerara,,
GUY-000217,,Sisters -,Goed Intent West Bank Dem.,GUY,Essequibo Islands-West Demerara,,
GUY-000218,,Fort Island,"Fort Island, Essequibo River",GUY,Essequibo Islands-West Demerara,,
GUY-000219,,Meten-Meer-Zorg,"Meten Meer Zorg, West Coast Dem.",GUY,Essequibo Islands-West Demerara,,
GUY-000220,,Maria'S Pleasure.,"Maria'S Pleasure, Wakenaam",GUY,Essequibo Islands-West Demerara,,
GUY-000221,,Jasso'S,"Meten Meer Zorg, W.C.Dem.",GUY,Essequibo Islands-West Demerara,,
GUY-000222,,Stewartville,Stewartville West Coast Dem.,GUY,Essequibo Islands-West Demerara,,
GUY-000223,,Stanleytown,Stanleytown West Bank Dem.,GUY,Essequibo Islands-West Demerara,,
GUY-000224,,Santa /C,Santa Primary School,GUY,Essequibo Islands-West Demerara,,
GUY-000225,,New Annglet,"Canal No.2, West Bank Demerara",GUY,Essequibo Islands-West Demerara,,
GUY-000226,,Western Hogg Island..N/C,Western Hogg Island Primary,GUY,Essequibo Islands-West Demerara,,
GUY-000227,,Den Amstel,"Den Amstel, W.C.Dem.",GUY,Essequibo Islands-West Demerara,,
GUY-000228,,Shirley Field Ridley,"59 Phoenix Pk,  West Bank Dem.",GUY,Essequibo Islands-West Demerara,,
GUY-000229,,Sandhills /C,Sandhill Primary School,GUY,Essequibo Islands-West Demerara,,
GUY-000230,,La Grange,"36 Public Rd, La Grange, West Bank Dem.",GUY,Essequibo Islands-West Demerara,,
GUY-000231,,Saxacalli /C,Saxacalli Primary School,GUY,Essequibo Islands-West Demerara,,
GUY-000232,,Lower Bonasika /C,Lower Bonasika Primary School,GUY,Essequibo Islands-West Demerara,,
GUY-000233,,"Belle West.,.,","Belle West Housing, Scheme, Canal #2. W.B.Dem",GUY,Essequibo Islands-West Demerara,,
GUY-000234,,De Kinderen.,Zeelugt East Bank Demerara,GUY,Essequibo Islands-West Demerara,,
GUY-000235,,Anna Catherina,"Edinburg, West Coast Demerara",GUY,Essequibo Islands-West Demerara,,
GUY-000236,,Hague Back/C,Hague Back Primary School,GUY,Essequibo Islands-West Demerara,,
GUY-000237,,Caria Caria..N/C,Caria Caria Primary,GUY,Essequibo Islands-West Demerara,,
GUY-000238,,Great Troolie Island..N/C,Great Troolie Island Primary,GUY,Essequibo Islands-West Demerara,,
GUY-000239,,La Harmonie..N/C,La Harmonie Primary,GUY,Essequibo Islands-West Demerara,,
GUY-000240,,Leonora,"Leonora Village, W.C.Dem",GUY,Essequibo Islands-West Demerara,,
GUY-000241,,Philadelphia,"Greenwich Park, East Bank Essequibo",GUY,Essequibo Islands-West Demerara,,
GUY-000242,,Belle Plaine,"Belle Plaine, Wakenaam",GUY,Essequibo Islands-West Demerara,,
GUY-000243,,Genieve.,"Two Brother, Canal No.1, West Bank Demerara",GUY,Essequibo Islands-West Demerara,,
GUY-000244,,Parika,"Parika Village, Parika, East Bank Essequibo",GUY,Essequibo Islands-West Demerara,,
GUY-000245,,Endeavour/C,Endeavour Primary School,GUY,Essequibo Islands-West Demerara,,
GUY-000246,,Patentia,"Wales Community Centre, W.B.Dem.",GUY,Essequibo Islands-West Demerara,,
GUY-000247,,St. Lawrence..N/C,St. Lawrence Primary,GUY,Essequibo Islands-West Demerara,,
GUY-000248,,Parafait…,"Parafait Housing Scheme, West Bank Demerara",GUY,Essequibo Islands-West Demerara,,
GUY-000249,,Schoonard,Schoonard Housing Scheme,GUY,Essequibo Islands-West Demerara,,
GUY-000250,,Aliki /C,Aliki Primary School,GUY,Essequibo Islands-West Demerara,,
GUY-000251,,Tuschen..,Tuschen…West Coast Demerara,GUY,Essequibo Islands-West Demerara,,
GUY-000252,,La Jalousie,"La Jalousie, West Coast Dem.",GUY,Essequibo Islands-West Demerara,,
GUY-000253,,Fellowship (Agri) Practical Instruction Centre,"Den Amstel, West Coast Demerara",GUY,Essequibo Islands-West Demerara,,
GUY-000254,,Saraswati Vidya Niketan,"Cornelia Ida Temple Compound, Cornelia Ida, W.C.D",GUY,Essequibo Islands-West Demerara,,
GUY-000255,,Vive-La-Force,"Vive La Force, West Bank Demerara",GUY,Essequibo Islands-West Demerara,,
GUY-000256,,St. Lawrence...,"St. Lawrence,  East Bank Essequibo",GUY,Essequibo Islands-West Demerara,,
GUY-000257,,Saxacalli...,Saxacalli Essequibo River,GUY,Essequibo Islands-West Demerara,,
GUY-000258,,Stewartville....,"Stewartville, West Coast Dem.",GUY,Essequibo Islands-West Demerara,,
GUY-000259,,Success,"Anna Maria, Leguan",GUY,Essequibo Islands-West Demerara,,
GUY-000260,,Kawall,"Canal No.2 Polder, W.B.Dem.",GUY,Essequibo Islands-West Demerara,,
GUY-000261,,Ruby Back....,"Ruby,  East Bank Essequibo",GUY,Essequibo Islands-West Demerara,,
GUY-000262,,Sans Souci...,"Sans Souci, Wakenaam",GUY,Essequibo Islands-West Demerara,,
GUY-000263,,Eastern Leguan,"Leguan, Essequibo River",GUY,Essequibo Islands-West Demerara,,
GUY-000264,,Parika/ Salem....,"Parika, East Bank Essequibo",GUY,Essequibo Islands-West Demerara,,
GUY-000265,,Two Brothers,"Canal No.1 Polder, West Bank Dem.",GUY,Essequibo Islands-West Demerara,,
GUY-000266,,Den Amstel.,"Den Amstel, W.C.Dem",GUY,Essequibo Islands-West Demerara,,
GUY-000267,,Richmond Hill...,Richmond Hill Leguan,GUY,Essequibo Islands-West Demerara,,
GUY-000268,,Wales....,"Wales Market Street, Wales",GUY,Essequibo Islands-West Demerara,,
GUY-000269,,Vreed-En-Hoop,"Vreed En Hoop, West Bank Demerara",GUY,Essequibo Islands-West Demerara,,
GUY-000270,,Malgre Tout,"Pouderoyen, West Bank Demerara",GUY,Essequibo Islands-West Demerara,,
GUY-000271,,Cornelia Ida.,"Cornelia Ida, W.C.Dem",GUY,Essequibo Islands-West Demerara,,
GUY-000272,,Green Wich Park,"Greenwich Park, East Bank Essequibo",GUY,Essequibo Islands-West Demerara,,
GUY-000273,,Mc Gillivary,Canal No. West Bank Demerara,GUY,Essequibo Islands-West Demerara,,
GUY-000274,,Patentia.....,"Patentia, West Bank Dem.",GUY,Essequibo Islands-West Demerara,,
GUY-000275,,Zeelugt,"Zeelugt, East Bank Essequibo",GUY,Essequibo Islands-West Demerara,,
GUY-000276,,Arthurville,"Arthurville, Wakenaam",GUY,Essequibo Islands-West Demerara,,
GUY-000277,,Maria'S Pleasure,"Maria'S Pleasure, Wakenaam",GUY,Essequibo Islands-West Demerara,,
GUY-000278,,Zeelandia-,Zeelandia Wakenaam,GUY,Essequibo Islands-West Demerara,,
GUY-000279,,Philadelphia...,"Vergenoegen, E.B. Ess.",GUY,Essequibo Islands-West Demerara,,
GUY-000280,,Tuschen,New Tuschen Housing Scheme Park E.B.E,GUY,Essequibo Islands-West Demerara,,
GUY-000281,,Belle West,"Belle West Housing Scheme, Canal No. 2",GUY,Essequibo Islands-West Demerara,,
GUY-000282,,Morashee,"Morashee, Essequibo River",GUY,Essequibo Islands-West Demerara,,
GUY-000283,,Crane,"Crane Village, West Coast Dem.",GUY,Essequibo Islands-West Demerara,,
GUY-000284,,Bagotville..,"Bagotsville, West, Coast Demerara",GUY,Essequibo Islands-West Demerara,,
GUY-000285,,La Harmonie,"La Harmonie, Demerara River",GUY,Essequibo Islands-West Demerara,,
GUY-000286,,Hague.,"Hague Settlement, West Coast Dem.",GUY,Essequibo Islands-West Demerara,,
GUY-000287,,Great Troolie Island,"Great Troolie Isl., Essequibo River",GUY,Essequibo Islands-West Demerara,,
GUY-000288,,Nismes,"Nismes, West Bank Dem.",GUY,Essequibo Islands-West Demerara,,
GUY-000289,,"Uitvlugt.,.,.,.,","Uitvlugt, West Coast Demerara",GUY,Essequibo Islands-West Demerara,,
GUY-000290,,Parafait Harmony,"Parfait Harmony, Canal No.1 W.B.D",GUY,Essequibo Islands-West Demerara,,
GUY-000291,,Blankenburg,"Blankenburg, W.C.Dem.",GUY,Essequibo Islands-West Demerara,,
GUY-000292,,Parika  Back,Parika Back E.B.Esse.,GUY,Essequibo Islands-West Demerara,,
GUY-000293,,Maryville,"Maryville, Bellfield Leguan",GUY,Essequibo Islands-West Demerara,,
GUY-000294,,Leonora.,"Leonora, West Coast Demerara",GUY,Essequibo Islands-West Demerara,,
GUY-000295,,Blake .,"Blake, E.B.Ess.",GUY,Essequibo Islands-West Demerara,,
GUY-000296,,La Retraite,"Stanleytown, West Bank. Dem.",GUY,Essequibo Islands-West Demerara,,
GUY-000297,,Meten- Meer-Zorg,"Meten Meer Zorg, West Coast Dem.",GUY,Essequibo Islands-West Demerara,,
GUY-000298,,Lanaballi,"Lanaballi, Essequibo River",GUY,Essequibo Islands-West Demerara,,
GUY-000299,,Caria Caria,"West Bank, Essequibo River",GUY,Essequibo Islands-West Demerara,,
GUY-000300,,Northern Hogg Island,"Northern Hogg Island, Essequibo River",GUY,Essequibo Islands-West Demerara,,
GUY-000301,,La  Grange,"Independence St, La Grange, W.B.Dem.",GUY,Essequibo Islands-West Demerara,,
GUY-000302,,Sandhills,Sandhill Demerara River,GUY,Essequibo Islands-West Demerara,,
GUY-000303,,Goed Fortuin.,"Goed Fortuin Housing Scheme, W.B.Dem.",GUY,Essequibo Islands-West Demerara,,
GUY-000304,,Saraswat,"Saraswat, East Bank Essequibo",GUY,Essequibo Islands-West Demerara,,
GUY-000305,,Santa...,"Kamuni Creek, Dem. River",GUY,Essequibo Islands-West Demerara,,
GUY-000306,,Windsor Forest..,"Public Road, Windsor Forest, W.C.Dem.",GUY,Essequibo Islands-West Demerara,,
GUY-000307,,Western Hogg Island,Western Hogg Island Essequibo River,GUY,Essequibo Islands-West Demerara,,
GUY-000308,,Lower Bonisika,"Bonasika Creek, Essequibo River",GUY,Essequibo Islands-West Demerara,,
GUY-000309,,Upper Bonasika,"Bonasika Creek, Essequibo River",GUY,Essequibo Islands-West Demerara,,
GUY-000310,,"Aliki,","Aliki, East Bank Essequibo",GUY,Essequibo Islands-West Demerara,,
GUY-000311,,Endeavour,"Endeavour, Demerara River",GUY,Essequibo Islands-West Demerara,,
GUY-000312,,Fort Island.,"Fort Island, Essequibo River",GUY,Essequibo Islands-West Demerara,,
GUY-000313,,Endeavor & Commons,"Endeavour, Canal No.2, Polder, West Bank Dem.",GUY,Essequibo Islands-West Demerara,,
GUY-000314,,Essequibo Islands,"Frederickburg, Wakenaam",GUY,Essequibo Islands-West Demerara,,
GUY-000315,,West Minster,"West Minster Phase Two Housing Scheme, Canal #1 Wb",GUY,Essequibo Islands-West Demerara,,
GUY-000316,,Patentia..,"Patent, West Bank Dem.",GUY,Essequibo Islands-West Demerara,,
GUY-000317,,Stewartville..,"Stewartville, West Coast Dem.",GUY,Essequibo Islands-West Demerara,,
GUY-000318,,L'Aventure,"Canal No. 1, W.B.Demerara",GUY,Essequibo Islands-West Demerara,,
GUY-000319,,Vergenoegen,"Pine Street, Vergenoegen, East Bank Essequibo",GUY,Essequibo Islands-West Demerara,,
GUY-000320,,Leguan,"Leguan, Essequibo River",GUY,Essequibo Islands-West Demerara,,
GUY-000321,,Leonora...,"Leonora, West Coast Demerara",GUY,Essequibo Islands-West Demerara,,
GUY-000322,,Parika/Salem,"Parika Village, East Bank Essequibo",GUY,Essequibo Islands-West Demerara,,
GUY-000323,,"Vreed-En-Hoop,","Vreed-En-Hoop, West Coast Demerara",GUY,Essequibo Islands-West Demerara,,
GUY-000324,,West Demerara,"Pouderoyen, West Bank Demerara",GUY,Essequibo Islands-West Demerara,,
GUY-000325,,Zeeburg,"Zeeburg, West Coast Demerara",GUY,Essequibo Islands-West Demerara,,
GUY-000326,,"Uitvlugt.,.,","Uitvlugt Front, W.C.Demerara",GUY,Essequibo Islands-West Demerara,,
GUY-000327,,Leonora Technical Institute,"Leonora, West Coast Demerara",GUY,Essequibo Islands-West Demerara,,
GUY-000328,,Ann'S Grove North.,"Ann'S Grove Village, East Coast Dem.",GUY,Demerara-Mahaica,,
GUY-000329,,Kairuni,Kairuni Linden/Soesdyke Linden Highway,GUY,Demerara-Mahaica,,
GUY-000330,,Kuru Kuru/C,Kuru Kuru Primary School,GUY,Demerara-Mahaica,,
GUY-000331,,Susannah'S Rust/C,Susannah'S Rust Primary,GUY,Demerara-Mahaica,,
GUY-000332,,St. Cuthbert'S.,"St. Cuthbert'S Mission, C/O Soesdyke Post Office.",GUY,Demerara-Mahaica,,
GUY-000333,,Silver Hill /C,Silver Hill Primary School,GUY,Demerara-Mahaica,,
GUY-000334,,Annandale North,"Annandale Sand Reef, East Coast Demerara",GUY,Demerara-Mahaica,,
GUY-000335,,Hope Estate/C,Hope Estate Primary,GUY,Demerara-Mahaica,,
GUY-000336,,Golden Grove,Golden Grove Village,GUY,Demerara-Mahaica,,
GUY-000337,,Helena,"Helena No.2 Mahaica, E.C.Demerara",GUY,Demerara-Mahaica,,
GUY-000338,,Haslington,Haslington Village E.C.Demerara,GUY,Demerara-Mahaica,,
GUY-000339,,Mon Repos,118 Mon Repos Housing Scheme,GUY,Demerara-Mahaica,,
GUY-000340,,Soesdyke No.02,"Soesdyke, East Bank Demerara",GUY,Demerara-Mahaica,,
GUY-000341,,Northbrook-Victoria,"Victoria, East Coast Demerara",GUY,Demerara-Mahaica,,
GUY-000342,,"Good Hope..,,","272 Good Hope, Phase 1, East Coast Demerara",GUY,Demerara-Mahaica,,
GUY-000343,,Diamond No. 2,Diamond Housing Scheme,GUY,Demerara-Mahaica,,
GUY-000344,,Samanta Point,"Grove, East Bank Demerara",GUY,Demerara-Mahaica,,
GUY-000345,,Low Wood /C,Low Wood Primary School,GUY,Demerara-Mahaica,,
GUY-000346,,May 26,"Melanie Damishana, East Coast Demerara",GUY,Demerara-Mahaica,,
GUY-000347,,Ghandi Memorial,"Enmore Village, East Coast Demerara",GUY,Demerara-Mahaica,,
GUY-000348,,Soesdyke No.01,"Soesdyke, East Bank Demerara",GUY,Demerara-Mahaica,,
GUY-000349,,New Friendship,"Friendship Village, E.C.Demerara",GUY,Demerara-Mahaica,,
GUY-000350,,Supply,"Supply, Mahaica East Coast Demerara",GUY,Demerara-Mahaica,,
GUY-000351,,Strathspey,Strathspey School Road E.C.D\,GUY,Demerara-Mahaica,,
GUY-000352,,Moblissa / C,Moblissa Primary School,GUY,Demerara-Mahaica,,
GUY-000353,,Grove.,Grove Police Station Compound,GUY,Demerara-Mahaica,,
GUY-000354,,Nabaclis,"Nabaclis Village, East Coast Demerara",GUY,Demerara-Mahaica,,
GUY-000355,,Strathavon,"Strathavon, Cane Grove, East Coast Demerara",GUY,Demerara-Mahaica,,
GUY-000356,,Mocha/ Arcadia,"16-17 New Settlers Street, Mocha Arcadia. E.B.Dem.",GUY,Demerara-Mahaica,,
GUY-000357,,Triumph,"Dr. Miller Street, Triumph, E.C.Dem",GUY,Demerara-Mahaica,,
GUY-000358,,Hauraruni /C,Hauraruni Pimary School,GUY,Demerara-Mahaica,,
GUY-000359,,Plindola,"Temple Street, Ogle, East Coast Demerara",GUY,Demerara-Mahaica,,
GUY-000360,,Eccles,"Nandy Park, Peter'S Hall E.B.Dem.",GUY,Demerara-Mahaica,,
GUY-000361,,Providence,Farm Cricket Ground E.C.Dem,GUY,Demerara-Mahaica,,
GUY-000362,,Pearl,"Pearl, East Bank Demerara.",GUY,Demerara-Mahaica,,
GUY-000363,,Dorcas Club,Sparendaam East Coast Dem.,GUY,Demerara-Mahaica,,
GUY-000364,,Little Friends,"Friendship, East Bank Dem.",GUY,Demerara-Mahaica,,
GUY-000365,,Long Creek /C,Long Creek Primary School,GUY,Demerara-Mahaica,,
GUY-000366,,Dora /C,Dora Secondary School,GUY,Demerara-Mahaica,,
GUY-000367,,Campbell'S Trust,42 Grove Housing Scheme,GUY,Demerara-Mahaica,,
GUY-000368,,Plaisance..,"8/9 West Road Sparendaam, E.C.Dem.",GUY,Demerara-Mahaica,,
GUY-000369,,Chateau Margot,"Chateau Margot, East Coast Demerara",GUY,Demerara-Mahaica,,
GUY-000370,,Company Road,"Buxton Village, East Coast Demerara",GUY,Demerara-Mahaica,,
GUY-000371,,Yarrowkabra,"Yarrowkabra, Linden/Soesdyke Highway",GUY,Demerara-Mahaica,,
GUY-000372,,Craig,"Craig Village, East Bank Dem.",GUY,Demerara-Mahaica,,
GUY-000373,,Clonbrook..,"Clonbrook, East Coast Demerara",GUY,Demerara-Mahaica,,
GUY-000374,,Unity,Lancaster Village,GUY,Demerara-Mahaica,,
GUY-000375,,Virginia,"Cane Grove, East Coast Demerara",GUY,Demerara-Mahaica,,
GUY-000376,,Victoria,"Victroia Village, East Coast Demerara.",GUY,Demerara-Mahaica,,
GUY-000377,,Vryheid'S Lust South,"Vryheid'S Lust, E.C.Dem",GUY,Demerara-Mahaica,,
GUY-000378,,Timehri,"Docks Area, Timehri, East Coast Demerara",GUY,Demerara-Mahaica,,
GUY-000379,,Enterprise,"Enterprise, East Coast Demerara",GUY,Demerara-Mahaica,,
GUY-000380,,Kuru Kururu,Kuru Kururu Soesdyke Linden Highway,GUY,Demerara-Mahaica,,
GUY-000381,,Hand-En-Veldt,Hand-En-Veldt Mahaica E.C.Demerara,GUY,Demerara-Mahaica,,
GUY-000382,,Vryheid'S Lust North,"Montrose, East Coast Dem.",GUY,Demerara-Mahaica,,
GUY-000383,,Better Hope,Better Hope Community Centre,GUY,Demerara-Mahaica,,
GUY-000384,,Ogle,"Temple Street, Ogle, East Bank Demerara.",GUY,Demerara-Mahaica,,
GUY-000385,,Lusignan,"Lusignan Primary School, East Coast Demerara.",GUY,Demerara-Mahaica,,
GUY-000386,,Prospect,Covent Garden East Bank Demerara,GUY,Demerara-Mahaica,,
GUY-000387,,Enmore Newtown,"C/O Enmore Primary, Enmore Estate Road E.C.Dem",GUY,Demerara-Mahaica,,
GUY-000388,,Eastville,"Eastville, East Coast Demerara",GUY,Demerara-Mahaica,,
GUY-000389,,Diamond…,"901 14Th Avenue, Block X, Section B Diamond H.Sch.",GUY,Demerara-Mahaica,,
GUY-000390,,Prince William Street Nursery,"27 Prince William Street, Plaisance",GUY,Demerara-Mahaica,,
GUY-000391,,La Bonne Intention,"L.B.I. Housing Scheme, East Coast Demerara",GUY,Demerara-Mahaica,,
GUY-000392,,Oleander,"Supply, East Bank Demerara",GUY,Demerara-Mahaica,,
GUY-000393,,Beterverwagting…..,"Grandville Park, Beterverwagting Village. E.C.D",GUY,Demerara-Mahaica,,
GUY-000394,,Blossom Scheme,"Enmore North, East Coast Dem.",GUY,Demerara-Mahaica,,
GUY-000395,,Laluni /C,"Laluni Creek, Linden Soesdyke Highway",GUY,Demerara-Mahaica,,
GUY-000396,,Beterverwagting (Agri),"Mon Repos, East Coast Dem.",GUY,Demerara-Mahaica,,
GUY-000397,,Lusignan (Home Econ),"Lusignan, East Coast Demerara",GUY,Demerara-Mahaica,,
GUY-000398,,Beterverwagting (Ind. Arts),Nil,GUY,Demerara-Mahaica,,
GUY-000399,,Bakja Little Treasures,"27, Dasrath Street, Triumph Front Rd, E.C.Dem",GUY,Demerara-Mahaica,,
GUY-000400,,Mocha/   Arcadia,"1 Gray'S Avenue, Mocha Arcadia Village, E.B.D.",GUY,Demerara-Mahaica,,
GUY-000401,,La Bonne  Intention,La Bonne Intention East Coast Demerara,GUY,Demerara-Mahaica,,
GUY-000402,,Kuru Kururu.,Kuru Kururu Soesdyke Linden Highway,GUY,Demerara-Mahaica,,
GUY-000403,,Plaisance...,"14-16 Ben Profitt Drive, Plaisance",GUY,Demerara-Mahaica,,
GUY-000404,,St  Andrews,Cove & John E.C.Dem.,GUY,Demerara-Mahaica,,
GUY-000405,,Montrose,North Vryheid'S Lust E.C.Dem,GUY,Demerara-Mahaica,,
GUY-000406,,Mon   Repos,"Mon Repos, East Coast Demerara",GUY,Demerara-Mahaica,,
GUY-000407,,Ann'S   Grove,"Ann'S Grove Village, Ecd",GUY,Demerara-Mahaica,,
GUY-000408,,Hope Estate,"Hope Estate, E.C.Dem",GUY,Demerara-Mahaica,,
GUY-000409,,Supply  ..,"Supply, East Bank Demerara",GUY,Demerara-Mahaica,,
GUY-000410,,Sir James Douglas,"Supply, East Coast Demerara",GUY,Demerara-Mahaica,,
GUY-000411,,Strathspey..,Strathspey School Road,GUY,Demerara-Mahaica,,
GUY-000412,,Eccles .,"46 Old Road Eccles, E.B.Demerara",GUY,Demerara-Mahaica,,
GUY-000413,,St. Paul'S,"19 Ben Proffitt Drive, Sparendaam",GUY,Demerara-Mahaica,,
GUY-000414,,"St. Mary'S,","Soesdyke, East Bank Demerara",GUY,Demerara-Mahaica,,
GUY-000415,,Enmore Hope,Hope-West Enmore E.C.Dem,GUY,Demerara-Mahaica,,
GUY-000416,,Yarrowkabra…,"Yarrowkabra Village, Linden Soesdyke Highway",GUY,Demerara-Mahaica,,
GUY-000417,,New Diamond-Grove,Diamond-Grove East Bank Demerara,GUY,Demerara-Mahaica,,
GUY-000418,,Timehri..,"Docks Area, Timehri East Bank Demerara",GUY,Demerara-Mahaica,,
GUY-000419,,Company Road.,"Company Road, Friendship E.C.Dem",GUY,Demerara-Mahaica,,
GUY-000420,,Clonbrook,"Clonbrook, East Coast Demerara",GUY,Demerara-Mahaica,,
GUY-000421,,Vryheid'S Lust,"Vryheid'S Lust, E.C.Demerara",GUY,Demerara-Mahaica,,
GUY-000422,,"Victoria.,","Victoria Middle Walk, Victoria",GUY,Demerara-Mahaica,,
GUY-000423,,Chateau Margot.,"Chateau Margot, E.C.Dem",GUY,Demerara-Mahaica,,
GUY-000424,,Beterverwagting,"5 Republic Drive, Bv East Coast Demerara",GUY,Demerara-Mahaica,,
GUY-000425,,Kuru Kuru,Kuru Kuru College Compound,GUY,Demerara-Mahaica,,
GUY-000426,,Soesdyke..,"Soesdyke Public Road, East Coast Demerara",GUY,Demerara-Mahaica,,
GUY-000427,,Swami Purnananda,Cove & John,GUY,Demerara-Mahaica,,
GUY-000428,,Friendship..,"Friendship Middlewalk, East Coast Demerara",GUY,Demerara-Mahaica,,
GUY-000429,,Susannah'S Rust,Demerara River,GUY,Demerara-Mahaica,,
GUY-000430,,St. Cuthbert'S,"St. Cuthbert'S, Linden Highway",GUY,Demerara-Mahaica,,
GUY-000431,,Covent Garden,Covent Garden Village Ebd,GUY,Demerara-Mahaica,,
GUY-000432,,Peter'S Hall,Peters Hall E.B.Dem,GUY,Demerara-Mahaica,,
GUY-000433,,Enterprise..,Enterprise East Coast Demerara,GUY,Demerara-Mahaica,,
GUY-000434,,Silver Hill,"Silver Hill, Soesdyke Linden Highway",GUY,Demerara-Mahaica,,
GUY-000435,,Enmore.,Enmore Estate Road,GUY,Demerara-Mahaica,,
GUY-000436,,"Dora.,.","Dora, Demerara River",GUY,Demerara-Mahaica,,
GUY-000437,,Diamond,Diamond East Bank Demerara,GUY,Demerara-Mahaica,,
GUY-000438,,Low Wood..,"Low Wood, Demerara River",GUY,Demerara-Mahaica,,
GUY-000439,,Grove,"Grove, East Bank Demerara",GUY,Demerara-Mahaica,,
GUY-000440,,Annandale,"Sandreef, Annandale, East Coast Demerara",GUY,Demerara-Mahaica,,
GUY-000441,,Mahaica,Voorzigtigheid E.C.Dem,GUY,Demerara-Mahaica,,
GUY-000442,,Virginia.,"Cane Grove, East Coast Demerara",GUY,Demerara-Mahaica,,
GUY-000443,,Gibson,"Unity Village, East Coast Demerara",GUY,Demerara-Mahaica,,
GUY-000444,,Lusignan..,Lusignan,GUY,Demerara-Mahaica,,
GUY-000445,,Long Creek,"Long Creek Newton, Soesdyke/Linden Highway",GUY,Demerara-Mahaica,,
GUY-000446,,Craig .,"Craig Village, East Bank Demerara",GUY,Demerara-Mahaica,,
GUY-000447,,Cane Grove,"Strathavon, Cane Grove, Ecd",GUY,Demerara-Mahaica,,
GUY-000448,,Laluni,"Laluni Creek, Linden Soesdyke Highway",GUY,Demerara-Mahaica,,
GUY-000449,,Moblissa.,"Moblissa Soesdyke, Linden Highway",GUY,Demerara-Mahaica,,
GUY-000450,,Hauraruni,Hauraruni Coop Village Linden Highway,GUY,Demerara-Mahaica,,
GUY-000451,,Paradise,Paradise Village,GUY,Demerara-Mahaica,,
GUY-000452,,Providence....,"Providence, E.B.Dem",GUY,Demerara-Mahaica,,
GUY-000453,,Helena.,"Good Hope Mahaica, E.C.Dem",GUY,Demerara-Mahaica,,
GUY-000454,,Golden Grove.,"Golden Grove Village, East Coast Demerara",GUY,Demerara-Mahaica,,
GUY-000455,,"St Cuthbert'S.,.",St Cuthbert'S Village,GUY,Demerara-Mahaica,,
GUY-000456,,La Bonne Intention………..,"Plantation L.B.I Estate Road, East Coast Demerara",GUY,Demerara-Mahaica,,
GUY-000457,,Covent Garden.,"Covent Garden, East Bank Demerara",GUY,Demerara-Mahaica,,
GUY-000458,,Ann'S Grove,"Ann'S Grove Village, East Coast Demerara",GUY,Demerara-Mahaica,,
GUY-000459,,Dora.,Kuru Kururu Soesdyke Linden Highway,GUY,Demerara-Mahaica,,
GUY-000460,,Hope,Hope E.C.Demerara,GUY,Demerara-Mahaica,,
GUY-000461,,Buxton,"Friendship, East Coast Demerara",GUY,Demerara-Mahaica,,
GUY-000462,,Good Hope Secondary,"Lot 278 Phase One, Good Hope, East Bank Demerara",GUY,Demerara-Mahaica,,
GUY-000463,,Lancaster,"Lancaster Village, East Coast Demerara",GUY,Demerara-Mahaica,,
GUY-000464,,Beterverwagting.,"40  Republic Drive, Beterverwagting",GUY,Demerara-Mahaica,,
GUY-000465,,Friendship,"Friendship Village, East Bank Demerara",GUY,Demerara-Mahaica,,
GUY-000466,,President'S College,"Belfield, East Coast Demerara",GUY,Demerara-Mahaica,,
GUY-000467,,Plaisance,"Plaisance, E.C.D",GUY,Demerara-Mahaica,,
GUY-000468,,Bladen Hall,Balden Hall E.C.D,GUY,Demerara-Mahaica,,
GUY-000469,,Soesdyke,"Soesdyke, East Bank Demerara",GUY,Demerara-Mahaica,,
GUY-000470,,Diamond……..,Diamond East Bank Demerara,GUY,Demerara-Mahaica,,
GUY-000471,,Golden Grove  .,"Golden Grove Village, E.C.D.",GUY,Demerara-Mahaica,,
GUY-000472,,"Annandale,","Annandale North, East Coast Demerara",GUY,Demerara-Mahaica,,
GUY-000473,,District #10/C,District #10 Primary School,GUY,Mahaica-Berbice,,
GUY-000474,,Blairmont,"Blairmont, West Coastberbice.",GUY,Mahaica-Berbice,,
GUY-000475,,Yeoville,"Yeoville, West Coast Berbice",GUY,Mahaica-Berbice,,
GUY-000476,,Augsburg/C,Augsburg Primary School,GUY,Mahaica-Berbice,,
GUY-000477,,Zee Zight,"Zee Zight Village, West Bank, Berbice",GUY,Mahaica-Berbice,,
GUY-000478,,Cottage,"Cottage, Mahaicony, E.C.Dem.",GUY,Mahaica-Berbice,,
GUY-000479,,Champayne/C,Champayne Primary School,GUY,Mahaica-Berbice,,
GUY-000480,,Novar.,"Novar, E.C.D.",GUY,Mahaica-Berbice,,
GUY-000481,,Bush Lot,"Bush Lot Village, W.C.Berbice",GUY,Mahaica-Berbice,,
GUY-000482,,Groden,"Golden Grove, West Coast Berbice",GUY,Mahaica-Berbice,,
GUY-000483,,Abary/C,Abary Primary School,GUY,Mahaica-Berbice,,
GUY-000484,,No.05,"No. 5 Village, West Coast Berbice.",GUY,Mahaica-Berbice,,
GUY-000485,,Carlton Hall,"Carlton Hall, Mahaicony, East Caost Demerara",GUY,Mahaica-Berbice,,
GUY-000486,,Perth,"Perth Village, Nahaicony",GUY,Mahaica-Berbice,,
GUY-000487,,Bath,"Bath T, W.C.Berbice",GUY,Mahaica-Berbice,,
GUY-000488,,Liberty Hall,"Rosignol Village, West Bank Berbice.",GUY,Mahaica-Berbice,,
GUY-000489,,Waterloo,"Bath, West Coast Berbice",GUY,Mahaica-Berbice,,
GUY-000490,,Woodley Park,"Woodley Park, West Coast Berbice",GUY,Mahaica-Berbice,,
GUY-000491,,Lichfield.,"Lichfield Village, W.C.Berbice",GUY,Mahaica-Berbice,,
GUY-000492,,Biaboo /C,"Little Biaboo, Mahaica River.",GUY,Mahaica-Berbice,,
GUY-000493,,Mora Point,Mora Point Mahaicony River,GUY,Mahaica-Berbice,,
GUY-000494,,Trafalgar,"Trafalgar, West Coast Berbice",GUY,Mahaica-Berbice,,
GUY-000495,,El Parabel,"C/O Belladrum Primary, West Coast Berbice",GUY,Mahaica-Berbice,,
GUY-000496,,Airy Hall,"Airy Hall, Mahaicony, East Coast Demerara",GUY,Mahaica-Berbice,,
GUY-000497,,No.08,"No. 8 Village, West Coast Berbice.",GUY,Mahaica-Berbice,,
GUY-000498,,Ithaca,"Ithaca Village, West Bank Berbice",GUY,Mahaica-Berbice,,
GUY-000499,,Shieldstown,"Blairmont, West Bank Berbice",GUY,Mahaica-Berbice,,
GUY-000500,,Hopetown,"Hopetown, West Coast Berbice",GUY,Mahaica-Berbice,,
GUY-000501,,Gordon Table /C,Gordon Table Primary School,GUY,Mahaica-Berbice,,
GUY-000502,,Cotton Tree,"Cotton Tree Village, West Coast Berbice",GUY,Mahaica-Berbice,,
GUY-000503,,Mortice,Mahaicony. East Coast Demerara,GUY,Mahaica-Berbice,,
GUY-000504,,Strath Campbell," Strath Campbell, E.C.Dem.",GUY,Mahaica-Berbice,,
GUY-000505,,Seafield,Seafield West Coast Berbice,GUY,Mahaica-Berbice,,
GUY-000506,,Calcutta,"Calcutta, Mahaicony. E.C.D",GUY,Mahaica-Berbice,,
GUY-000507,,Moraikabai,"Moraikobai, Mahaicony River, E.C.D.",GUY,Mahaica-Berbice,,
GUY-000508,,West End,"Farm, Mahaicony, East Coast Demerara.",GUY,Mahaica-Berbice,,
GUY-000509,,De Hoop,"Mahaica, East Coast Demerara",GUY,Mahaica-Berbice,,
GUY-000510,,Hopetown (Home Econ),"Hopetown, West Coast Berbice",GUY,Mahaica-Berbice,,
GUY-000511,,Hopetown (Ind.Arts),"Hopetwon, West Coast Berbice",GUY,Mahaica-Berbice,,
GUY-000512,,Ithaca .,"Ithaca Village, West Bank, Berbice",GUY,Mahaica-Berbice,,
GUY-000513,,Bath.,"Bath , West Coast Berbice",GUY,Mahaica-Berbice,,
GUY-000514,,Blairmont.,"Blairmont, W.C. Berbice",GUY,Mahaica-Berbice,,
GUY-000515,,Karamat,"Mora Point, Mahaicony River",GUY,Mahaica-Berbice,,
GUY-000516,,Mortice..,Mahaicony Branch Road East Coast Demerara,GUY,Mahaica-Berbice,,
GUY-000517,,No . 08,No.08 Village West Coast Berbice,GUY,Mahaica-Berbice,,
GUY-000518,,Mahaicony,"L'Enterprise, Mahaicony, E.C.Dem.",GUY,Mahaica-Berbice,,
GUY-000519,,Rosignol,"Rosignol, West Bank Berbice",GUY,Mahaica-Berbice,,
GUY-000520,,Hopetown.,Hopetown West Coast Berbice,GUY,Mahaica-Berbice,,
GUY-000521,,Gordon Table,"Gordon Table, Mahaicony River, E.C.D.",GUY,Mahaica-Berbice,,
GUY-000522,,Lachmansingh,"Bush Lot, West Coast Berbice",GUY,Mahaica-Berbice,,
GUY-000523,,No. 29,"No. 29 Village, West Coast Berbice",GUY,Mahaica-Berbice,,
GUY-000524,,Strath Campbell..,"Mahaicony Branch Road, Ecd",GUY,Mahaica-Berbice,,
GUY-000525,,Lichfield,"Lichfield Village, West Coast Berbice",GUY,Mahaica-Berbice,,
GUY-000526,,Novar,"Novar, Mahaicony, East Coast Demerara",GUY,Mahaica-Berbice,,
GUY-000527,,"Moraikabai.,.,","Moraikobai, Mahaicony River, Ecd",GUY,Mahaica-Berbice,,
GUY-000528,,Seafield..,"Seafield, West Coast Berbice",GUY,Mahaica-Berbice,,
GUY-000529,,Abary,"Abary River, West Coast Berbice",GUY,Mahaica-Berbice,,
GUY-000530,,"Belladrum,","Belladrum Village, W.C.B",GUY,Mahaica-Berbice,,
GUY-000531,,Woodley Park .,"Woodley Park Village, West Coast Berbice",GUY,Mahaica-Berbice,,
GUY-000532,,No. 05,"No. 05 Village, West Coast Berbice",GUY,Mahaica-Berbice,,
GUY-000533,,Calcutta.,"Calcutta Village, Mahaicony, E.C.D",GUY,Mahaica-Berbice,,
GUY-000534,,Zealand,"C/O Mahaicony Post Office, Zealand West Mahaicony",GUY,Mahaica-Berbice,,
GUY-000535,,Carlton Hall .,"Carlton Hall, Mahaicony E.C.D.",GUY,Mahaica-Berbice,,
GUY-000536,,Champagne .,"Champagne, Mahaicony River E.C.D",GUY,Mahaica-Berbice,,
GUY-000537,,Augsburg,"Burma Branch Road, East Coast Demerara",GUY,Mahaica-Berbice,,
GUY-000538,,"Cotton Tree ,","Cotton Tree Village, West Coast Berbice",GUY,Mahaica-Berbice,,
GUY-000539,,De Hoop .,"Dehoop, Mahaica, Ecd",GUY,Mahaica-Berbice,,
GUY-000540,,# 10 District,"District #10, Mahaica River",GUY,Mahaica-Berbice,,
GUY-000541,,Biaboo,"Little Biaboo, Mahaica River, E.C.Dem",GUY,Mahaica-Berbice,,
GUY-000542,,Belladrum.,"Belladrum, West Coast Berbice",GUY,Mahaica-Berbice,,
GUY-000543,,No. 8,No. 8 Village… West Coast Berbice,GUY,Mahaica-Berbice,,
GUY-000544,,Bush Lot.,"Bush Lot Village, West Coast Berbice",GUY,Mahaica-Berbice,,
GUY-000545,,Fort Wellington,"Fort Wellington, West Coast Berbice",GUY,Mahaica-Berbice,,
GUY-000546,,Rosignol...,"Rosignol, West Bank Berbice",GUY,Mahaica-Berbice,,
GUY-000547,,Mahaicony..,L'Enterprise Mahaicony E.C.D.,GUY,Mahaica-Berbice,,
GUY-000548,,Bygeval Multilateral,"Bygeval, Mahaica, East Coast Demerara",GUY,Mahaica-Berbice,,
GUY-000549,,Woodley Park…..,"Woodley Park, West Coast Berbice",GUY,Mahaica-Berbice,,
GUY-000550,,Novar….,"Mahaicony, East Coast Demerara",GUY,Mahaica-Berbice,,
GUY-000551,,Mahaicony Technical Institute,"Mahaicony, West Coast Berbice",GUY,Mahaica-Berbice,,
GUY-000552,,No. 54,No. 54 Village Corentyne Berbice,GUY,East Berbice-Corentyne,,
GUY-000553,,Glasgow,"Glasgow, East Bank Berbice",GUY,East Berbice-Corentyne,,
GUY-000554,,No.1 Reef,No. 1 Corentyne,GUY,East Berbice-Corentyne,,
GUY-000555,,No. 56,No. 56 Village,GUY,East Berbice-Corentyne,,
GUY-000556,,No 2., No.2 Village East Canje Berbice,GUY,East Berbice-Corentyne,,
GUY-000557,,Hibiscus,"56 Stanleytown, New Amsterdam",GUY,East Berbice-Corentyne,,
GUY-000558,,Albion Back…,"Albion Estate, Corentyne",GUY,East Berbice-Corentyne,,
GUY-000559,,Manchester……..,"Mancherster Village, Corentyne Berice",GUY,East Berbice-Corentyne,,
GUY-000560,,No. 47,"No.47 Village, Corentyne Berbice",GUY,East Berbice-Corentyne,,
GUY-000561,,No. 36,No. 36 Village Corentyne Berbice,GUY,East Berbice-Corentyne,,
GUY-000562,,No. 79 Municipal,No. 79 Corentyne,GUY,East Berbice-Corentyne,,
GUY-000563,,"Gangaram…,","Gangaram Settlement, Berbice",GUY,East Berbice-Corentyne,,
GUY-000564,,Ma Retraite /C,Ma Retraite Primary School,GUY,East Berbice-Corentyne,,
GUY-000565,,Bara Cara/C,"Bara Cara, Berbice",GUY,East Berbice-Corentyne,,
GUY-000566,,"Lesbeholden.,.,","Lesbeholden, North Blak Bush Polder",GUY,East Berbice-Corentyne,,
GUY-000567,,Alness No.1,"Alness Village, Corentyne Berbice",GUY,East Berbice-Corentyne,,
GUY-000568,,Nurney,"Nurney Village, Cor Berbice",GUY,East Berbice-Corentyne,,
GUY-000569,,"Lochaber..,","Lochaber Plantation, West Canje",GUY,East Berbice-Corentyne,,
GUY-000570,,No. 69,"No. 69 Village, Corentyne Berbice",GUY,East Berbice-Corentyne,,
GUY-000571,,Ankerville,"Ankerville, Corentyne",GUY,East Berbice-Corentyne,,
GUY-000572,,Adelphi,East Canje Berice,GUY,East Berbice-Corentyne,,
GUY-000573,,No. 72,"No. 72 Village, Corentyne Berbice",GUY,East Berbice-Corentyne,,
GUY-000574,,Lighttown /C,Lighttown Primary School,GUY,East Berbice-Corentyne,,
GUY-000575,,Belvedere,"Belvedere, Corentyne Berbice",GUY,East Berbice-Corentyne,,
GUY-000576,,No. 67,No. 67 Village,GUY,East Berbice-Corentyne,,
GUY-000577,,No. 60,"No. 60 Village, Corentyne Berbice",GUY,East Berbice-Corentyne,,
GUY-000578,,Mount Sinai,"Mt Sinai, New Amsterdam",GUY,East Berbice-Corentyne,,
GUY-000579,,Albion Front,"Albion Front, Corentyne",GUY,East Berbice-Corentyne,,
GUY-000580,,Kiltearn,"Kiltearn Village, Corentyne Berbice",GUY,East Berbice-Corentyne,,
GUY-000581,,Whim,"Whim, Corentyne Berice",GUY,East Berbice-Corentyne,,
GUY-000582,,Joppa,"No. 43 Village, Berbice",GUY,East Berbice-Corentyne,,
GUY-000583,,Viola,Vryman'S Erven New Amsterdam,GUY,East Berbice-Corentyne,,
GUY-000584,,Trinity Street,"Trinity Street, New Amsterdam",GUY,East Berbice-Corentyne,,
GUY-000585,,Tain,"Tain, Corentyne",GUY,East Berbice-Corentyne,,
GUY-000586,,Crabwood Creek.,"Crabwood Creek, Corentyne Berbice",GUY,East Berbice-Corentyne,,
GUY-000587,,Sandvoort /C,Sandvoort Primary School,GUY,East Berbice-Corentyne,,
GUY-000588,,Princetown,"Corriverton, Berbice",GUY,East Berbice-Corentyne,,
GUY-000589,,St. Mary'S,"Pope Street, New Amsterdam Berbice",GUY,East Berbice-Corentyne,,
GUY-000590,,Mibikuri.,"Mibikuri, Black Bush Polder, Corentyne",GUY,East Berbice-Corentyne,,
GUY-000591,,Edinburgh.,Edinburgh  East Bank Berbice,GUY,East Berbice-Corentyne,,
GUY-000592,,Savannah Park,"Lot 5 Cummings Ville, New Amsterdam, Ebb",GUY,East Berbice-Corentyne,,
GUY-000593,,Yakusari,"Yakusari , Black Bush Polder",GUY,East Berbice-Corentyne,,
GUY-000594,,Rose Hall ..,"Rose Hall Town, Corentyne Berbice",GUY,East Berbice-Corentyne,,
GUY-000595,,Williamsburg,"Williamsburg , Corentyne",GUY,East Berbice-Corentyne,,
GUY-000596,,Reliance....,"Reliance, East Canje Berbice",GUY,East Berbice-Corentyne,,
GUY-000597,,Siparuta /C,Siparuta Primary School,GUY,East Berbice-Corentyne,,
GUY-000598,,Springlands,"Corriverton, Corentyne",GUY,East Berbice-Corentyne,,
GUY-000599,,Smythfield,Smythfield New Amsterdam,GUY,East Berbice-Corentyne,,
GUY-000600,,Sheet Anchor,"Sheet Anchor Village, East Canje Berbice",GUY,East Berbice-Corentyne,,
GUY-000601,,Joanna,"Joanna,  Black Bush Polder",GUY,East Berbice-Corentyne,,
GUY-000602,,Sisters,Sisters Village East Bank Berbice,GUY,East Berbice-Corentyne,,
GUY-000603,,Skeldon Line Path.D.,"Skeldon, Corentyne",GUY,East Berbice-Corentyne,,
GUY-000604,,Skeldon Line Path.C.Municipal,Skeldon Corentyne,GUY,East Berbice-Corentyne,,
GUY-000605,,Fyrish Road,"Fyrish, Corentyne Berbice",GUY,East Berbice-Corentyne,,
GUY-000606,,Fyrish Village,"Fyrish Village, Corentyne Berbice",GUY,East Berbice-Corentyne,,
GUY-000607,,Goed Bananen Land," East Canje, Berbice",GUY,East Berbice-Corentyne,,
GUY-000608,,Kingston.,"No.79, Corriverton",GUY,East Berbice-Corentyne,,
GUY-000609,,Leeds,"Leeds Village, Corentyne Berbice",GUY,East Berbice-Corentyne,,
GUY-000610,,No. 77,"216 Tulip Street, No. 77 New Housing Scheme, No.77",GUY,East Berbice-Corentyne,,
GUY-000611,,Bloomfield,"Bloomfield, Corentyne",GUY,East Berbice-Corentyne,,
GUY-000612,,Orealla,"Orealla , Corentyne River",GUY,East Berbice-Corentyne,,
GUY-000613,,Bushlot,Bushlot Village,GUY,East Berbice-Corentyne,,
GUY-000614,,Plegt - Anker,Plegt-Anker Primary School,GUY,East Berbice-Corentyne,,
GUY-000615,,Babylon,"No. 36 Village, Corentyne",GUY,East Berbice-Corentyne,,
GUY-000616,,Bohemia /C,Bohemia Primary School,GUY,East Berbice-Corentyne,,
GUY-000617,,Cumberland.,East Canje Berbice,GUY,East Berbice-Corentyne,,
GUY-000618,,Canefield,"Canefield, East Canje",GUY,East Berbice-Corentyne,,
GUY-000619,,Port   Mourant,Port Mourant Community Centre Cor/Berbice,GUY,East Berbice-Corentyne,,
GUY-000620,,Philippi,"Philippi , Corentyne/Berbice",GUY,East Berbice-Corentyne,,
GUY-000621,,New Amsterdam (Home Econ),"New Amsterdam, Berbice",GUY,East Berbice-Corentyne,,
GUY-000622,,New Amsterdam (Ind.Arts),"New Amsterdam, Berbice",GUY,East Berbice-Corentyne,,
GUY-000623,,Corriverton,"Corriverton, Corentyne",GUY,East Berbice-Corentyne,,
GUY-000624,,Hujja Islamic,"#74 Village, Block 'M' Section 'H' Corentyne",GUY,East Berbice-Corentyne,,
GUY-000625,,Guyana Business School,"Tain, Corentyne, Berbice",GUY,East Berbice-Corentyne,,
GUY-000626,,Mc Gowan,"Manchester Village, Corentyne",GUY,East Berbice-Corentyne,,
GUY-000627,,Fyrish,Fyrish Village Corentyne,GUY,East Berbice-Corentyne,,
GUY-000628,,Betsy Ground,"Betsy Ground, East Canje Berbice",GUY,East Berbice-Corentyne,,
GUY-000629,,Friends,"Friends, East Bank, Berbice",GUY,East Berbice-Corentyne,,
GUY-000630,,Gangaram,"Gangaram Settlement, East Canje, Berbice",GUY,East Berbice-Corentyne,,
GUY-000631,,Leeds.,"Leeds Village, Corentyne Berbice",GUY,East Berbice-Corentyne,,
GUY-000632,,Mibikuri,"Mibikuri,Black Bush Polder, Corentyne Berbice",GUY,East Berbice-Corentyne,,
GUY-000633,,Fort Ordinance,"Sheet Anchor Village, East Canje, Berbice",GUY,East Berbice-Corentyne,,
GUY-000634,,"Alness,",Alness Village,GUY,East Berbice-Corentyne,,
GUY-000635,,Cropper .,"Albion Front, Corentyne, Berice",GUY,East Berbice-Corentyne,,
GUY-000636,,Auchlyne,"Auchlyne , Corentyne Berbice",GUY,East Berbice-Corentyne,,
GUY-000637,,All Saints,"New Amsterdam,  Berbice",GUY,East Berbice-Corentyne,,
GUY-000638,,Bohemia,"Bohemia No.9 Village,Corentyne",GUY,East Berbice-Corentyne,,
GUY-000639,,Gibraltar-Courtland,"#1 Farm Corentyne, Berbice",GUY,East Berbice-Corentyne,,
GUY-000640,,Johanna,"Johanna , Black Bush Polder, Cor. Berbice",GUY,East Berbice-Corentyne,,
GUY-000641,,Kildonan,"Kildonan, Corentyne Berice",GUY,East Berbice-Corentyne,,
GUY-000642,,Lighttown,"Lighttown Village, East Bank Berbice",GUY,East Berbice-Corentyne,,
GUY-000643,,Corriverton.,No.78 Corriverton,GUY,East Berbice-Corentyne,,
GUY-000644,,Albion,"Albion Estate, Corentyne, Berbice",GUY,East Berbice-Corentyne,,
GUY-000645,,Lochaber,"Lochaber, West Canje Berbice",GUY,East Berbice-Corentyne,,
GUY-000646,,Crabwood Creek,"Crabwood Creek, Corentyne, Berbice",GUY,East Berbice-Corentyne,,
GUY-000647,,Eversham,"Eversham Village, Corentyne Coast, Berbice",GUY,East Berbice-Corentyne,,
GUY-000648,,Belvedere.,"Nigg, Corentyne",GUY,East Berbice-Corentyne,,
GUY-000649,,Edinburgh,"Edinburgh Village, East Bank Berbice",GUY,East Berbice-Corentyne,,
GUY-000650,,Lesbeholden..,"Lesbeholden,  Black Bush Polder",GUY,East Berbice-Corentyne,,
GUY-000651,,Cumberland,"Cumberland Village, East Canje, Berbice",GUY,East Berbice-Corentyne,,
GUY-000652,,Bara Cara,"Bara Cara, Canje River",GUY,East Berbice-Corentyne,,
GUY-000653,,Wellington Park,"Wellington Park, Cor, Berbice",GUY,East Berbice-Corentyne,,
GUY-000654,,Overwinning,"6 Stanleytown, New Amsterdam",GUY,East Berbice-Corentyne,,
GUY-000655,,Plegt-Anker,"Plegt- Anker, East Bank Berbice",GUY,East Berbice-Corentyne,,
GUY-000656,,New Market,"No. 09 Village, Corentyne",GUY,East Berbice-Corentyne,,
GUY-000657,,Port Mourant ..,"Port Mourant, Corentyne, Berbice",GUY,East Berbice-Corentyne,,
GUY-000658,,New Amsterdam,"12 Chapel Street, New Amsterdam",GUY,East Berbice-Corentyne,,
GUY-000659,,Tain.,"Tain, Port Mourant, Corentyne",GUY,East Berbice-Corentyne,,
GUY-000660,,No. 68,"No. 68 Village, Corentyne, Berbice",GUY,East Berbice-Corentyne,,
GUY-000661,,No. 59,No. 59 Village Corentyne Berbice,GUY,East Berbice-Corentyne,,
GUY-000662,,No.  56,"No. 56 Village, Cor, Berbice",GUY,East Berbice-Corentyne,,
GUY-000663,,No. 48,No. 48 Village Corentyne Berbice,GUY,East Berbice-Corentyne,,
GUY-000664,,No. 43,"No. 43 Village, Corentyne, Berbice",GUY,East Berbice-Corentyne,,
GUY-000665,,No.  36,No. 36 Village Corentyne Berbice,GUY,East Berbice-Corentyne,,
GUY-000666,,Rose Hall Estate,"Rose Hall, Estate Canje Berbice",GUY,East Berbice-Corentyne,,
GUY-000667,,St. Aloysius,"19 Pope Street, N/A Berbice",GUY,East Berbice-Corentyne,,
GUY-000668,,Sheet Anchor..,"No. 2 Village, East Canje, Berbice",GUY,East Berbice-Corentyne,,
GUY-000669,,Skeldon,"Skeldon, Corentyne, Berbice",GUY,East Berbice-Corentyne,,
GUY-000670,,Yakusari.,"Yakusari South, Black Bush Polder",GUY,East Berbice-Corentyne,,
GUY-000671,,Siparuta,"Siparuta, Corentyne River",GUY,East Berbice-Corentyne,,
GUY-000672,,St. Therese'S,"20. St. John Street, N/A",GUY,East Berbice-Corentyne,,
GUY-000673,,Sandvoort,"Sandvoort West Canje, Berbice",GUY,East Berbice-Corentyne,,
GUY-000674,,Massiah,"No.71 Village, Corentyne Berbice",GUY,East Berbice-Corentyne,,
GUY-000675,,Rose Hall,Rose Hall Town-Corentyne,GUY,East Berbice-Corentyne,,
GUY-000676,,Orealla.,"Orealla Village, Upper Corentyne River",GUY,East Berbice-Corentyne,,
GUY-000677,,Schepmoed,"Schepmoed Village, East Bank Berbice",GUY,East Berbice-Corentyne,,
GUY-000678,,J.C.Chandisingh,"Rose Hall Town, Corentyne",GUY,East Berbice-Corentyne,,
GUY-000679,,Skeldon High,"Skeldon, Corriverton, Corentyne Berbice",GUY,East Berbice-Corentyne,,
GUY-000680,,Berbice Educational Institue Secondary,"Town Savannah, New Amsterdam",GUY,East Berbice-Corentyne,,
GUY-000681,,Berbice High," Queenstown, New Amsterdam",GUY,East Berbice-Corentyne,,
GUY-000682,,Port Mourant,"Portuguese Quarter, Port Mourant, Cor,Berbice",GUY,East Berbice-Corentyne,,
GUY-000683,,Skeldon Line Path,"Line Path, Corriverton",GUY,East Berbice-Corentyne,,
GUY-000684,,Lower Corentyne,"Port Mourant, Corentyne/Berbice",GUY,East Berbice-Corentyne,,
GUY-000685,,Corentyne Comprehensive,"Port Mourant, Cor/Ble",GUY,East Berbice-Corentyne,,
GUY-000686,,New Amsterdam Multilateral,"Cummingsville, New Amsterdam, Berbice",GUY,East Berbice-Corentyne,,
GUY-000687,,Canje,"16 Adephi, East Canje Berbice",GUY,East Berbice-Corentyne,,
GUY-000688,,Vryman'S Erven,"Vryman Erven,New Amsterdam, Berbice",GUY,East Berbice-Corentyne,,
GUY-000689,,Tagore Memorial,"63 Village, Corentyne Berbice",GUY,East Berbice-Corentyne,,
GUY-000690,,Central Corentyne,"Bush Lot Village, Corentyne",GUY,East Berbice-Corentyne,,
GUY-000691,,Winifred Gaskin Memorial,"Manchester Village, Corentyne Berbice",GUY,East Berbice-Corentyne,,
GUY-000692,,Manchester,"Manchester Village, Corentyne Berbice",GUY,East Berbice-Corentyne,,
GUY-000693,,Black Bush,"Mibikuri South, Black Bush Polder",GUY,East Berbice-Corentyne,,
GUY-000694,,Tutorial Academy,"48, Town Savannah New Amsterdam",GUY,East Berbice-Corentyne,,
GUY-000695,,Upper Corentyne Technical Institute,"Corentyne, Berbice",GUY,East Berbice-Corentyne,,
GUY-000696,,New Amsterdam Technical Institute,"New Amsterdam, Corentyne",GUY,East Berbice-Corentyne,,
GUY-000697,,Kartabo/C,Kartabo Primary School,GUY,Cuyuni-Mazaruni,,
GUY-000698,,Agatash/C,C/O Agatash Primary School,GUY,Cuyuni-Mazaruni,,
GUY-000699,,Future Builders,10 Sixth Avenue Bartica,GUY,Cuyuni-Mazaruni,,
GUY-000700,,Iterengbang/C,Iterengbang Village,GUY,Cuyuni-Mazaruni,,
GUY-000701,,Wineperu/C,Wineperu Village,GUY,Cuyuni-Mazaruni,,
GUY-000702,,Iseneru/C,Iseneru Primary School,GUY,Cuyuni-Mazaruni,,
GUY-000703,,Beach View,"8-Second Avenue, Bartica",GUY,Cuyuni-Mazaruni,,
GUY-000704,,Jawalla ….,Jawalla Village. Upper Mazaruni,GUY,Cuyuni-Mazaruni,,
GUY-000705,,Paruima…,"Paruima Village, Upper Mazaruni",GUY,Cuyuni-Mazaruni,,
GUY-000706,,Precious Gem,C/O St. John The Baptist Primary,GUY,Cuyuni-Mazaruni,,
GUY-000707,,Waramadong…..,"Waramadong Village, Upper Mazaruni",GUY,Cuyuni-Mazaruni,,
GUY-000708,,St. Martin'S /C,St. Martin'S Primary School,GUY,Cuyuni-Mazaruni,,
GUY-000709,,Chinoweing /C,Chinoweing Primary School,GUY,Cuyuni-Mazaruni,,
GUY-000710,,Phillipai.,Phillipai Village,GUY,Cuyuni-Mazaruni,,
GUY-000711,,Two Miles /C,Two Miles Primary School,GUY,Cuyuni-Mazaruni,,
GUY-000712,,Kako…,"Kako Village, Upper Mazaruni",GUY,Cuyuni-Mazaruni,,
GUY-000713,,Kaikan /C,Kaikan Primary School,GUY,Cuyuni-Mazaruni,,
GUY-000714,,Kamarang…,Kamarang Village,GUY,Cuyuni-Mazaruni,,
GUY-000715,,Kangaruma…N/C,C/O Kangaruma Primary School,GUY,Cuyuni-Mazaruni,,
GUY-000716,,Falmouth/C,Falmouth Village,GUY,Cuyuni-Mazaruni,,
GUY-000717,,Kurutuku/C,Kurutuku Village,GUY,Cuyuni-Mazaruni,,
GUY-000718,,"Holy Name..,,","River'S View, Essequibo River",GUY,Cuyuni-Mazaruni,,
GUY-000719,,St Mary'S/C,St. Mary'S Primary,GUY,Cuyuni-Mazaruni,,
GUY-000720,,Karrau Creek/C,Karrau Creek Village,GUY,Cuyuni-Mazaruni,,
GUY-000721,,Batavia/C,Batavia Village,GUY,Cuyuni-Mazaruni,,
GUY-000722,,72 Miles /C,C/O 72 Miles Primary School,GUY,Cuyuni-Mazaruni,,
GUY-000723,,Wax Creek/C,Wax Creek Village,GUY,Cuyuni-Mazaruni,,
GUY-000724,,Imbaimadai/C,Imbaimadai Village,GUY,Cuyuni-Mazaruni,,
GUY-000725,,Quebanang/C,Quebanang Village,GUY,Cuyuni-Mazaruni,,
GUY-000726,,Hill View,"98 Third Avenue, Bartica",GUY,Cuyuni-Mazaruni,,
GUY-000727,,Itaballi/C,Itaballi Village,GUY,Cuyuni-Mazaruni,,
GUY-000728,,Makouria/C,Makouria Village,GUY,Cuyuni-Mazaruni,,
GUY-000729,,Arrau/C,Arrau Village,GUY,Cuyuni-Mazaruni,,
GUY-000730,,Wineperu,"Wineperu Landing, Essequibo River",GUY,Cuyuni-Mazaruni,,
GUY-000731,,St. Marys,"St. Mary'S Quarry, Essequibo River",GUY,Cuyuni-Mazaruni,,
GUY-000732,,St. Martin'S,Issano Cuyuni-Mazaruni,GUY,Cuyuni-Mazaruni,,
GUY-000733,,Karrau Creek,Lower Mazaruni River,GUY,Cuyuni-Mazaruni,,
GUY-000734,,Kartabo,"Kartabo, Lower Mazaruni River",GUY,Cuyuni-Mazaruni,,
GUY-000735,,Agatash,"Agatash, Essequibo River",GUY,Cuyuni-Mazaruni,,
GUY-000736,,St. Anthony'S,"64 First Avenue, Bartica",GUY,Cuyuni-Mazaruni,,
GUY-000737,,Two Miles ..,"Two Miles, Bartica Potaro Road, Essequibo",GUY,Cuyuni-Mazaruni,,
GUY-000738,,Batavia,"Arion Island, Cuyuni River",GUY,Cuyuni-Mazaruni,,
GUY-000739,,Kaikan,"Kaikan Village Wenamu River, Upper Mazaruni Dtrict",GUY,Cuyuni-Mazaruni,,
GUY-000740,,"Iterengbang.,",Iterengbang Village,GUY,Cuyuni-Mazaruni,,
GUY-000741,,Potaro,"1 Mile Bartica, Potaro River",GUY,Cuyuni-Mazaruni,,
GUY-000742,,Wayalayeng,"Wayalayeng Village, Upper Mazaruni",GUY,Cuyuni-Mazaruni,,
GUY-000743,,Kurutuku,"Kurutuku Village, Cuyuni River",GUY,Cuyuni-Mazaruni,,
GUY-000744,,Falmouth,Essequibo River,GUY,Cuyuni-Mazaruni,,
GUY-000745,,"Holy Name.,","River View, Via Bartica",GUY,Cuyuni-Mazaruni,,
GUY-000746,,St. John-The-Baptist,Second Avenue Bartica,GUY,Cuyuni-Mazaruni,,
GUY-000747,,Itaballi,"Itaballi Landing, Lower Mazaruni",GUY,Cuyuni-Mazaruni,,
GUY-000748,,"Makouria.,",Makouria Village,GUY,Cuyuni-Mazaruni,,
GUY-000749,,Arrau,"Arau Village, Wenamu River Via Kaikan",GUY,Cuyuni-Mazaruni,,
GUY-000750,,Paruima,"Kamarang River, Upper Mazaruni",GUY,Cuyuni-Mazaruni,,
GUY-000751,,Waramadong.,"Kamarang River, Upper Mazaruni",GUY,Cuyuni-Mazaruni,,
GUY-000752,,Imbaimadai,"Imbaimadai, Upper  Mazaruni",GUY,Cuyuni-Mazaruni,,
GUY-000753,,Jawalla,"Jawalla Village, Upper Mazaruni",GUY,Cuyuni-Mazaruni,,
GUY-000754,,Isseneru,Middle Mazaruni,GUY,Cuyuni-Mazaruni,,
GUY-000755,,72   Miles,72 Miles Bartica/Potaro Road,GUY,Cuyuni-Mazaruni,,
GUY-000756,,Chinoweing.,"Chinoweing, Upper Mazaruni",GUY,Cuyuni-Mazaruni,,
GUY-000757,,Phillipai,"Phillipai Village, Kurui River",GUY,Cuyuni-Mazaruni,,
GUY-000758,,"Kangaruma.,,,","Kangaruma Village, Middle Mazaruni",GUY,Cuyuni-Mazaruni,,
GUY-000759,,Quebanang,"Quebanang, Upper Mazaruni",GUY,Cuyuni-Mazaruni,,
GUY-000760,,Wax Creek,Wax Creek Village,GUY,Cuyuni-Mazaruni,,
GUY-000761,,Kamarang,Kamarang  Upper Mazaruni,GUY,Cuyuni-Mazaruni,,
GUY-000762,,Kako,"Kako , Upper Mazaruni",GUY,Cuyuni-Mazaruni,,
GUY-000763,,Three Miles,85-87 Bartica Potaro,GUY,Cuyuni-Mazaruni,,
GUY-000764,,Bartica,"Seventh Avenue, Bartica",GUY,Cuyuni-Mazaruni,,
GUY-000765,,D.C. Caesar-Fox,"Kamarang River, Upper Mazaruni",GUY,Cuyuni-Mazaruni,,
GUY-000766,,Bashville/C,Bashvilla Primary,GUY,Potaro-Siparuni,,
GUY-000767,,Chiung Mouth /C,Chiung Mouth Primary School,GUY,Potaro-Siparuni,,
GUY-000768,,Kanapang/C,Kanapang Village,GUY,Potaro-Siparuni,,
GUY-000769,,Waipa/C,Waipa Village,GUY,Potaro-Siparuni,,
GUY-000770,,Sand Hill/C,Sand Hill Primary School,GUY,Potaro-Siparuni,,
GUY-000771,,Kamana /C,Kamana Primary School,GUY,Potaro-Siparuni,,
GUY-000772,,Karisparu/C,Karisparu Primary School,GUY,Potaro-Siparuni,,
GUY-000773,,Paramakatoi /C,Paramakatoi Village North Pakaraimas,GUY,Potaro-Siparuni,,
GUY-000774,,"Micobie.,","Micobie Village, Lower Potaro",GUY,Potaro-Siparuni,,
GUY-000775,,Campbelltown,Campbelltown Village,GUY,Potaro-Siparuni,,
GUY-000776,,Tuseneng/C,Tuseneng Village,GUY,Potaro-Siparuni,,
GUY-000777,,"Kopinang..,","Kopinang Village, North Pakarimas",GUY,Potaro-Siparuni,,
GUY-000778,,Princeville/C,Princeville Primary,GUY,Potaro-Siparuni,,
GUY-000779,,Bamboo Creek/C,Bamboo Creek Primary,GUY,Potaro-Siparuni,,
GUY-000780,,Arasawa/C,Arasawa Primary,GUY,Potaro-Siparuni,,
GUY-000781,,Mahdia,Mahdia 111 Miles Potaro,GUY,Potaro-Siparuni,,
GUY-000782,,Itabac/C,Itabac Primary School,GUY,Potaro-Siparuni,,
GUY-000783,,Taruka/C,Taruka Primary School,GUY,Potaro-Siparuni,,
GUY-000784,,Kato /C,Kato Primary School,GUY,Potaro-Siparuni,,
GUY-000785,,Maikwak/C,Maikwak Primary,GUY,Potaro-Siparuni,,
GUY-000786,,Kaibarupai/C,Kaibarupai Primary School,GUY,Potaro-Siparuni,,
GUY-000787,,El Paso /C,Tumatumari Primary School,GUY,Potaro-Siparuni,,
GUY-000788,,Kurukubaru /C,Kurukubaru Primary School,GUY,Potaro-Siparuni,,
GUY-000789,,Monkey Mountain /C,Monkey Mountain Primary School,GUY,Potaro-Siparuni,,
GUY-000790,,Chenapou /C,Chenapou Primary School,GUY,Potaro-Siparuni,,
GUY-000791,,Chenapou,"Chenapou, Upper Potaro, Via Kaieteur",GUY,Potaro-Siparuni,,
GUY-000792,,Sand Hill,Waipa Village,GUY,Potaro-Siparuni,,
GUY-000793,,Itabac,"Itabac, Orinduik North",GUY,Potaro-Siparuni,,
GUY-000794,,Bashville,"Mountain Foot, Paramakatoi",GUY,Potaro-Siparuni,,
GUY-000795,,Tuseneng,"Tuseneng, North Pakaraimas",GUY,Potaro-Siparuni,,
GUY-000796,,Muruwa,"Sub-District 2, Mahdia",GUY,Potaro-Siparuni,,
GUY-000797,,Arasawa,"Arasawa Village, Kurukubaru",GUY,Potaro-Siparuni,,
GUY-000798,,Chiung Mouth .,"Chiung Mouth, North Pakaraimas",GUY,Potaro-Siparuni,,
GUY-000799,,Waipa,"Waipa, Orinduik North",GUY,Potaro-Siparuni,,
GUY-000800,,Bamboo Creek,"Bambo Creek, North Pakaraimas",GUY,Potaro-Siparuni,,
GUY-000801,,El Paso,Lower Potaro River,GUY,Potaro-Siparuni,,
GUY-000802,,Taruka,"Taruka, North Pakaraimas",GUY,Potaro-Siparuni,,
GUY-000803,,Kanapang,"Via Orinduik, North Pakaraimas",GUY,Potaro-Siparuni,,
GUY-000804,,Kato," Kato , North Pakaraimas",GUY,Potaro-Siparuni,,
GUY-000805,,Kurukubaru,North Pakaraimas,GUY,Potaro-Siparuni,,
GUY-000806,,Kopinang,"Kopinang, North Pakaraimas",GUY,Potaro-Siparuni,,
GUY-000807,,Monkey Mountain,"Monkey Mountain, North Pakaraimas",GUY,Potaro-Siparuni,,
GUY-000808,,Karisparu,"Karisparu, North Pakaraimas",GUY,Potaro-Siparuni,,
GUY-000809,,Princeville,"Princeville, Potaro",GUY,Potaro-Siparuni,,
GUY-000810,,Paramakatoi. /C,Paramakatoi Community School,GUY,Potaro-Siparuni,,
GUY-000811,,Micobe,"Micobo, Potaro River",GUY,Potaro-Siparuni,,
GUY-000812,,Kaibarupai,"Kaibarupai, North Pakaraimas",GUY,Potaro-Siparuni,,
GUY-000813,,Maikwak,"Maikwak, Potaro",GUY,Potaro-Siparuni,,
GUY-000814,,Mahdia…,111 Miles Potaro,GUY,Potaro-Siparuni,,
GUY-000815,,Kamana,"Via Orinduik, North Pakaraimas",GUY,Potaro-Siparuni,,
GUY-000816,,"Mahdia.,.,","Mahdia, ..",GUY,Potaro-Siparuni,,
GUY-000817,,Paramakatoi,Paramakatoi Community School,GUY,Potaro-Siparuni,,
GUY-000818,,Kato..,"Kato Village, North Paramakatoi",GUY,Potaro-Siparuni,,
GUY-000819,,Katoonarib..,South Central Rupununi,GUY,Upper Takutu-Upper Essequibo,,
GUY-000820,,Hiawa..,"Hiawa Village, Central Rupununi",GUY,Upper Takutu-Upper Essequibo,,
GUY-000821,,Kumu..,"Kumu Village, Central Rupununi",GUY,Upper Takutu-Upper Essequibo,,
GUY-000822,,Arapaima,"Lethem, Central Rupununi",GUY,Upper Takutu-Upper Essequibo,,
GUY-000823,,"Aranaputa.,","Aranaputa Village, North Rupununi",GUY,Upper Takutu-Upper Essequibo,,
GUY-000824,,Rupertee,"Rupertee Village, North Rupununi",GUY,Upper Takutu-Upper Essequibo,,
GUY-000825,,Annai.,North Rupununi,GUY,Upper Takutu-Upper Essequibo,,
GUY-000826,,Achawib.,South Central Rupununi,GUY,Upper Takutu-Upper Essequibo,,
GUY-000827,,Culvert City,"Culvert City, Central Rupununi",GUY,Upper Takutu-Upper Essequibo,,
GUY-000828,,Potarinau..,South Central Rupununi,GUY,Upper Takutu-Upper Essequibo,,
GUY-000829,,Katoka.,Central Rupununi,GUY,Upper Takutu-Upper Essequibo,,
GUY-000830,,Koneshen,"Gunn Strip, South Rupununi",GUY,Upper Takutu-Upper Essequibo,,
GUY-000831,,St. Ignatius..,C/O St. Ignatius Community School,GUY,Upper Takutu-Upper Essequibo,,
GUY-000832,,Tabatinga,"Tabatinga, Central Rupununi",GUY,Upper Takutu-Upper Essequibo,,
GUY-000833,,Nappi…,Central Rupununi,GUY,Upper Takutu-Upper Essequibo,,
GUY-000834,,"Parishara..,",Parishara Village,GUY,Upper Takutu-Upper Essequibo,,
GUY-000835,,Karadarnau,South Rupununi,GUY,Upper Takutu-Upper Essequibo,,
GUY-000836,,Karasabai..,Karasabai District,GUY,Upper Takutu-Upper Essequibo,,
GUY-000837,,Maruranau.,South Rupununi,GUY,Upper Takutu-Upper Essequibo,,
GUY-000838,,Awarewaunau…….,"Via Aishalton, South Rupununi",GUY,Upper Takutu-Upper Essequibo,,
GUY-000839,,Katuur/C,Katuur Primary School,GUY,Upper Takutu-Upper Essequibo,,
GUY-000840,,Moco Moco..,"Moco Moco Village, Central Rupununi",GUY,Upper Takutu-Upper Essequibo,,
GUY-000841,,Shulinab,South Central Rupununi,GUY,Upper Takutu-Upper Essequibo,,
GUY-000842,,Apoteri/C,Apoteri Primary School,GUY,Upper Takutu-Upper Essequibo,,
GUY-000843,,Shiriri/C,Shiriri Primary School,GUY,Upper Takutu-Upper Essequibo,,
GUY-000844,,Taushida/C,Taushida Primary School,GUY,Upper Takutu-Upper Essequibo,,
GUY-000845,,Kaicumbay/C,Kaicumbay Primary School,GUY,Upper Takutu-Upper Essequibo,,
GUY-000846,,Semonie..,"Semonie Village, Central Rupununi",GUY,Upper Takutu-Upper Essequibo,,
GUY-000847,,Crash Water/C,Crash Water Primary School,GUY,Upper Takutu-Upper Essequibo,,
GUY-000848,,Quatata..,"Quatata Viillage, Central Rupununi",GUY,Upper Takutu-Upper Essequibo,,
GUY-000849,,Kurupukari/C,Kurupukari Primary School,GUY,Upper Takutu-Upper Essequibo,,
GUY-000850,,Kwatamang/C,Kwatamang Primary School,GUY,Upper Takutu-Upper Essequibo,,
GUY-000851,,Kwaimatta/C,Kwaimatta Primary School,GUY,Upper Takutu-Upper Essequibo,,
GUY-000852,,Rewa/C,Rewa Primary School,GUY,Upper Takutu-Upper Essequibo,,
GUY-000853,,Rukumuta/C,Rukumuta Primary,GUY,Upper Takutu-Upper Essequibo,,
GUY-000854,,Massara/C,Massara Primary School,GUY,Upper Takutu-Upper Essequibo,,
GUY-000855,,Quarrie/C,Quarrie Primary School,GUY,Upper Takutu-Upper Essequibo,,
GUY-000856,,Baitoon/C,Baitoon Primary School,GUY,Upper Takutu-Upper Essequibo,,
GUY-000857,,"Yupukari.,","Yupukari Village, Central Rupununi",GUY,Upper Takutu-Upper Essequibo,,
GUY-000858,,Aishalton,"Aishalton, South Rupununi",GUY,Upper Takutu-Upper Essequibo,,
GUY-000859,,Sawariwau..,Sawariwau Village,GUY,Upper Takutu-Upper Essequibo,,
GUY-000860,,Shea…,"Shea Village, South Rupununi",GUY,Upper Takutu-Upper Essequibo,,
GUY-000861,,Surama..,"Surama Village, North Rupununi",GUY,Upper Takutu-Upper Essequibo,,
GUY-000862,,Tiger Pond..,"Tiger Pond Village, South Pakaraimas",GUY,Upper Takutu-Upper Essequibo,,
GUY-000863,,Tipuru..,"Tipuru Village, South Pakaraimas",GUY,Upper Takutu-Upper Essequibo,,
GUY-000864,,"Para Bara.,.",Para Bara Village,GUY,Upper Takutu-Upper Essequibo,,
GUY-000865,,Wowetta..,"Wowetta Village, North Rupununi",GUY,Upper Takutu-Upper Essequibo,,
GUY-000866,,Parikwarunawa..,Parikwarunawa Village,GUY,Upper Takutu-Upper Essequibo,,
GUY-000867,,Yakarinta..,"Yakarinta Village, North Rupununi",GUY,Upper Takutu-Upper Essequibo,,
GUY-000868,,Yurong Paru..,"Yurong Paru Village, South Pakaraimas",GUY,Upper Takutu-Upper Essequibo,,
GUY-000869,,Sand Creek /C.,Sand Creek Primary.,GUY,Upper Takutu-Upper Essequibo,,
GUY-000870,,"Rupunau..,","Rupunau Village, South Central Rupununi",GUY,Upper Takutu-Upper Essequibo,,
GUY-000871,,Toka.,"Toka Village, North Rupununi",GUY,Upper Takutu-Upper Essequibo,,
GUY-000872,,Quatata,"Yupukari Village, Central Rupununi",GUY,Upper Takutu-Upper Essequibo,,
GUY-000873,,Sermonie,"Sermonie Village, Central Rupununi",GUY,Upper Takutu-Upper Essequibo,,
GUY-000874,,Parabara,"Parabara Village, Deep South Rupununi",GUY,Upper Takutu-Upper Essequibo,,
GUY-000875,,"Arapaima,","Via Lethem, Central Rupununi",GUY,Upper Takutu-Upper Essequibo,,
GUY-000876,,St. Ignatius…,St. Ignatius Central Rupununi,GUY,Upper Takutu-Upper Essequibo,,
GUY-000877,,Katuur,"Katuur Village, South Central Rupununi",GUY,Upper Takutu-Upper Essequibo,,
GUY-000878,,"Aishalton,","Aishalton, Village, South Rupununi",GUY,Upper Takutu-Upper Essequibo,,
GUY-000879,,Quarrie,Central Rupununi,GUY,Upper Takutu-Upper Essequibo,,
GUY-000880,,Hiawa,"Central Savannah, Rupununi",GUY,Upper Takutu-Upper Essequibo,,
GUY-000881,,Maruranau,"Maruranau Village, South Rupununi",GUY,Upper Takutu-Upper Essequibo,,
GUY-000882,,Macushi,"Via Lethem, South Central Rupununi",GUY,Upper Takutu-Upper Essequibo,,
GUY-000883,,Massara,"Massara, North Rupununi",GUY,Upper Takutu-Upper Essequibo,,
GUY-000884,,Yakarinta,"North Savannahs, Rupununi",GUY,Upper Takutu-Upper Essequibo,,
GUY-000885,,Yupukari,"Lethem, Central  Rupununi",GUY,Upper Takutu-Upper Essequibo,,
GUY-000886,,Moco Moco,Central Rupununi,GUY,Upper Takutu-Upper Essequibo,,
GUY-000887,,Yurong Peru,"Yurong Peru, North Pakaraimas",GUY,Upper Takutu-Upper Essequibo,,
GUY-000888,,Kurupukari,North Rupununi,GUY,Upper Takutu-Upper Essequibo,,
GUY-000889,,Kwaimatta,North Rupnununi,GUY,Upper Takutu-Upper Essequibo,,
GUY-000890,,Annai,"Annai Village, North Rupununi",GUY,Upper Takutu-Upper Essequibo,,
GUY-000891,,Kwatamang,North Rupununi,GUY,Upper Takutu-Upper Essequibo,,
GUY-000892,,Baitoon,South Central Rupununi,GUY,Upper Takutu-Upper Essequibo,,
GUY-000893,,Awarewaunau,"Via Aishalton, South Rupununi",GUY,Upper Takutu-Upper Essequibo,,
GUY-000894,,Parishara,"Parishara Village, Central Rupununi",GUY,Upper Takutu-Upper Essequibo,,
GUY-000895,,Toka,North Rupununi,GUY,Upper Takutu-Upper Essequibo,,
GUY-000896,,Potarinau,"Potarinau, South Centra  Rupununi,",GUY,Upper Takutu-Upper Essequibo,,
GUY-000897,,Achawib,"Via  Aishalton, South Rupununi",GUY,Upper Takutu-Upper Essequibo,,
GUY-000898,,Parikwaru-Nawa,"South Central,Rupununi",GUY,Upper Takutu-Upper Essequibo,,
GUY-000899,,Wowetta,"Via Annai, North Rupununi",GUY,Upper Takutu-Upper Essequibo,,
GUY-000900,,Apoteri,"Via Annai, North Rupununi",GUY,Upper Takutu-Upper Essequibo,,
GUY-000901,,Nappi,"Via Lethem, Central Rupununi",GUY,Upper Takutu-Upper Essequibo,,
GUY-000902,,Aranaputa,"Via Annai, North Rupununi",GUY,Upper Takutu-Upper Essequibo,,
GUY-000903,,Sawariwau,"Sawariwau Village, South Central, Rupununi",GUY,Upper Takutu-Upper Essequibo,,
GUY-000904,,Shiriri,South Central Rupununi,GUY,Upper Takutu-Upper Essequibo,,
GUY-000905,,Tiger Pond,"Tiger Pond Village, Via Karasabai",GUY,Upper Takutu-Upper Essequibo,,
GUY-000906,,Sand Creek,"Sand Creek, South Central Rupununi",GUY,Upper Takutu-Upper Essequibo,,
GUY-000907,,Katoonarib,"Katoonarib, South Central Rupununi",GUY,Upper Takutu-Upper Essequibo,,
GUY-000908,,Taushida,"C/O Karasabai, North Pakaraima Mountain",GUY,Upper Takutu-Upper Essequibo,,
GUY-000909,,Surama,"Surama, North Rupununi",GUY,Upper Takutu-Upper Essequibo,,
GUY-000910,,Rukumuta,Karasabai,GUY,Upper Takutu-Upper Essequibo,,
GUY-000911,,Kumu,"Kumu Village, Central Rupununi",GUY,Upper Takutu-Upper Essequibo,,
GUY-000912,,Karasabai,"Via Karasabai Village, North Rupununi",GUY,Upper Takutu-Upper Essequibo,,
GUY-000913,,Shea,Shea Village South Rupununi,GUY,Upper Takutu-Upper Essequibo,,
GUY-000914,,Crash Water,North Rupununi,GUY,Upper Takutu-Upper Essequibo,,
GUY-000915,,Rupunau,South Central Rupununi,GUY,Upper Takutu-Upper Essequibo,,
GUY-000916,,Konashen,"Gunn'S Strip, Via Aishalton, South Rupununi",GUY,Upper Takutu-Upper Essequibo,,
GUY-000917,,Karaudarnau,"Karaudarnau Village, South Rupununi",GUY,Upper Takutu-Upper Essequibo,,
GUY-000918,,Rewa,"Rewa, Via Annai North Rupununi",GUY,Upper Takutu-Upper Essequibo,,
GUY-000919,,Katoka,"Katoka Village,South Central Rupununi,",GUY,Upper Takutu-Upper Essequibo,,
GUY-000920,,Kaicumbay,Central Rupununi,GUY,Upper Takutu-Upper Essequibo,,
GUY-000921,,Tipuru,"South Pakaraimas, Via Karasabai, Rupununi",GUY,Upper Takutu-Upper Essequibo,,
GUY-000922,,Annai..,North Rupununi,GUY,Upper Takutu-Upper Essequibo,,
GUY-000923,,"Aishalton.,",South Rupununi,GUY,Upper Takutu-Upper Essequibo,,
GUY-000924,,St  Ignatius,"St  Ignatius, Central Rupununi",GUY,Upper Takutu-Upper Essequibo,,
GUY-000925,,"Sand Creek..,.,.,.","Sand Creek, South Rupununi",GUY,Upper Takutu-Upper Essequibo,,
GUY-000926,,Amelia'S Ward,"100 Amelia'S Ward, Linden",GUY,Upper Demerara-Berbice,,
GUY-000927,,One Mile,One Mile Wismar,GUY,Upper Demerara-Berbice,,
GUY-000928,,Retrieve,"406 Oronoque Dr, Linden",GUY,Upper Demerara-Berbice,,
GUY-000929,,Mabura Hill..,Mabura,GUY,Upper Demerara-Berbice,,
GUY-000930,,Kwakwani Waterfront,"Kwakwani Waterfront, Berbice River",GUY,Upper Demerara-Berbice,,
GUY-000931,,Burnham Drive,St. Aidan'S School Compound,GUY,Upper Demerara-Berbice,,
GUY-000932,,Aroaima…,"Maple Town, Aroaima, Berbice River",GUY,Upper Demerara-Berbice,,
GUY-000933,,Republic Avenue.....,"Republic Avenue ,Linden",GUY,Upper Demerara-Berbice,,
GUY-000934,,Pine Street,"Republic Avenue, Linden",GUY,Upper Demerara-Berbice,,
GUY-000935,,Mabura Mission   /C,Mabura Mission    Primary School,GUY,Upper Demerara-Berbice,,
GUY-000936,,Middle Street,"18 Burnham Dr, Linden",GUY,Upper Demerara-Berbice,,
GUY-000937,,South Amelia'S Ward,Lots 854-855 Well Road South Amelia'S Ward,GUY,Upper Demerara-Berbice,,
GUY-000938,,Blueberry Hill,"Blue Berry Hill, Christianburg",GUY,Upper Demerara-Berbice,,
GUY-000939,,Canvas City,Canvas City,GUY,Upper Demerara-Berbice,,
GUY-000940,,Kimbia/C,Kimbia Primary School,GUY,Upper Demerara-Berbice,,
GUY-000941,,Christianburg,"Government Compound, Christianburg",GUY,Upper Demerara-Berbice,,
GUY-000942,,Geatroy/C,Geatroy Primary,GUY,Upper Demerara-Berbice,,
GUY-000943,,Ituni,Ituni District,GUY,Upper Demerara-Berbice,,
GUY-000944,,Coomacka,"Coomacka, Dem. River",GUY,Upper Demerara-Berbice,,
GUY-000945,,47 Miles /C,47 Miles Primary School.,GUY,Upper Demerara-Berbice,,
GUY-000946,,Mauritaro/C,Mauritaro Primary School,GUY,Upper Demerara-Berbice,,
GUY-000947,,Kwakwani Park,"Kwakwani Pk, Berbice River",GUY,Upper Demerara-Berbice,,
GUY-000948,,58 Miles/C,58 Miles Primary,GUY,Upper Demerara-Berbice,,
GUY-000949,,Hururu/C,Hururu Primary School,GUY,Upper Demerara-Berbice,,
GUY-000950,,Rockstone/C,Rockstone Primary School,GUY,Upper Demerara-Berbice,,
GUY-000951,,Weroni,Berbice River,GUY,Upper Demerara-Berbice,,
GUY-000952,,Wisroc,56 Wisroc Housing Scheme,GUY,Upper Demerara-Berbice,,
GUY-000953,,Maria Henriettta/C,Maria Henrietta Primary,GUY,Upper Demerara-Berbice,,
GUY-000954,,Atonement/C,Atonement Primary,GUY,Upper Demerara-Berbice,,
GUY-000955,,De Veldt/C,De Veldt Primary School,GUY,Upper Demerara-Berbice,,
GUY-000956,,Mallali/C,Mallali Primary School,GUY,Upper Demerara-Berbice,,
GUY-000957,,"Wismar Hill.,",Wismar Housing Scheme,GUY,Upper Demerara-Berbice,,
GUY-000958,,Bamia/C,Bamia Primary School,GUY,Upper Demerara-Berbice,,
GUY-000959,,Calcuni/C,Calcuni Primary School,GUY,Upper Demerara-Berbice,,
GUY-000960,,West Watooka,"Wismar, Linden",GUY,Upper Demerara-Berbice,,
GUY-000961,,Watooka Day…,"92 Casaurina Drive, Watooka, Mackenzie",GUY,Upper Demerara-Berbice,,
GUY-000962,,Sandhills/C,Sand Hill Primary,GUY,Upper Demerara-Berbice,,
GUY-000963,,Children'S Garden,Kara Kara Housing Scheme,GUY,Upper Demerara-Berbice,,
GUY-000964,,Half Mile,Wismar Housing Scheme,GUY,Upper Demerara-Berbice,,
GUY-000965,,Kimbia Mission Academy,Kimbia Berbice River,GUY,Upper Demerara-Berbice,,
GUY-000966,,Howell Wilson.,Ituni District,GUY,Upper Demerara-Berbice,,
GUY-000967,,Mallali,Upper Dem. River,GUY,Upper Demerara-Berbice,,
GUY-000968,,One Mile.,One Mile Wismar,GUY,Upper Demerara-Berbice,,
GUY-000969,,Amelia'S Ward.,"100 Amelia'S Ward, Linden",GUY,Upper Demerara-Berbice,,
GUY-000970,,47    Miles,"47 Miles, Mabura Road",GUY,Upper Demerara-Berbice,,
GUY-000971,,Aroaima,Aroaima Berbice River,GUY,Upper Demerara-Berbice,,
GUY-000972,,Muritario,Upper Dem. River,GUY,Upper Demerara-Berbice,,
GUY-000973,,Mount Carmel..,"Ituni, Berbice River",GUY,Upper Demerara-Berbice,,
GUY-000974,,Maria Henrietta,"Maria Henrietta, Upper Demerara River",GUY,Upper Demerara-Berbice,,
GUY-000975,,Atonement,"Ebini Waterfront, Berbice",GUY,Upper Demerara-Berbice,,
GUY-000976,,De Veldt,"De Veldt, Berbice River",GUY,Upper Demerara-Berbice,,
GUY-000977,,Mackenzie..,"Kara Kara, Linden",GUY,Upper Demerara-Berbice,,
GUY-000978,,St. Lust,"St. Lust, Berbice River",GUY,Upper Demerara-Berbice,,
GUY-000979,,Sandhills -,"Sandhill, Berbice River",GUY,Upper Demerara-Berbice,,
GUY-000980,,Mabura Hill,Upper Demerara River,GUY,Upper Demerara-Berbice,,
GUY-000981,,Regma,"446 Bulletwood St, Linden",GUY,Upper Demerara-Berbice,,
GUY-000982,,Rockstone,"18 Miles, Rockstone, Essequibo River",GUY,Upper Demerara-Berbice,,
GUY-000983,,Kwakwani.,"Kwakwani Pk, Berbice River",GUY,Upper Demerara-Berbice,,
GUY-000984,,Christianburg.,"Section C, Christianburg",GUY,Upper Demerara-Berbice,,
GUY-000985,,Coomacka.,Coomacka Mines,GUY,Upper Demerara-Berbice,,
GUY-000986,,Bamia,"Bamia, Linden Highway",GUY,Upper Demerara-Berbice,,
GUY-000987,,St. Aidan'S,"Burnham Drive, Wismar",GUY,Upper Demerara-Berbice,,
GUY-000988,,Watooka Day,"92 Riverside Drive, Watooka, Linden",GUY,Upper Demerara-Berbice,,
GUY-000989,,Kimbia,Kimbia Berbice River,GUY,Upper Demerara-Berbice,,
GUY-000990,,Calcuni.,"Calcuni, Berbice River",GUY,Upper Demerara-Berbice,,
GUY-000991,,Wismar Hill,41 Wismar Hill Linden,GUY,Upper Demerara-Berbice,,
GUY-000992,,58 Miles,"58 Miles, Mabura Road",GUY,Upper Demerara-Berbice,,
GUY-000993,,Mabura Mission,"Great Falls, Upper Demerara River",GUY,Upper Demerara-Berbice,,
GUY-000994,,Geatroy…,Geatroy Berbice River,GUY,Upper Demerara-Berbice,,
GUY-000995,,Hururu,Hururu Berbice River,GUY,Upper Demerara-Berbice,,
GUY-000996,,Christianburg Wismar,"Blueberry Hill, Wismar",GUY,Upper Demerara-Berbice,,
GUY-000997,,Wisburg,"Burnham Drive, Wismar Linden",GUY,Upper Demerara-Berbice,,
GUY-000998,,Mackenzie,Mackenzie,GUY,Upper Demerara-Berbice,,
GUY-000999,,Linden Foundation,"68 David Rose Ave, Mackenzie, Linden",GUY,Upper Demerara-Berbice,,
GUY-001000,,Harmony,"Burnham Drive, Linden",GUY,Upper Demerara-Berbice,,
GUY-001001,,Kwakwani,"Kwakwani Pk, Berbice River",GUY,Upper Demerara-Berbice,,
GUY-001002,,New Silvercity,Canvas City Wismar,GUY,Upper Demerara-Berbice,,
GUY-001003,,Linden Technical Institute,Linden,GUY,Upper Demerara-Berbice,,
GUY-001004,,Carmelita'S,"8 Sheriff Street, Campbellville.",GUY,Demerara-Mahaica,,
GUY-001005,,Smyth Street,"Smyth Street,St. Phillip'S Green.",GUY,Demerara-Mahaica,,
GUY-001006,,Turkeyen,"Cpce Compound, Turkeyen",GUY,Demerara-Mahaica,,
GUY-001007,,"South Ruimveldt Park.,.,","Macaw Lane, South Ruimveldt Park.",GUY,Demerara-Mahaica,,
GUY-001008,,Gacestock,"128 Laluni Street, Queenstown.",GUY,Demerara-Mahaica,,
GUY-001009,,Head Start,"30 Third Street, Alberttown.",GUY,Demerara-Mahaica,,
GUY-001010,,Polly'S,"Christiani Street, North Ruimveldt.",GUY,Demerara-Mahaica,,
GUY-001011,,Precious Jewel,72 Robb Street Bourda,GUY,Demerara-Mahaica,,
GUY-001012,,Cummings Park,"1319 Field 6, Cummings Park, Greater Georgetown",GUY,Demerara-Mahaica,,
GUY-001013,,Agricola,"48 Public Road, Agricola, Greater Georgetown.",GUY,Demerara-Mahaica,,
GUY-001014,,Albouystown,28 James Street A/Town.,GUY,Demerara-Mahaica,,
GUY-001015,,Roxanne Burnham,"Vlissengen Road,  Roxanne Burnham, Gardens",GUY,Demerara-Mahaica,,
GUY-001016,,Liana,"P2 Vlissengen Road & Freeman Street, East  L/Pen",GUY,Demerara-Mahaica,,
GUY-001017,,"Ascension,",120 West Ruimveldt,GUY,Demerara-Mahaica,,
GUY-001018,,J.E. Burnham.,C/O J.E. Burnham Primary School,GUY,Demerara-Mahaica,,
GUY-001019,,Enterprise….,"Durban Backland, Lodge.",GUY,Demerara-Mahaica,,
GUY-001020,,Houston.,"Houston, Greater Georgetown.",GUY,Demerara-Mahaica,,
GUY-001021,,Selman Fraser,"2 Belair & Albert Street,  Albouystown",GUY,Demerara-Mahaica,,
GUY-001022,,St. Gabriel'S,"144 Oronoque & Crown Sts, Queenstown.",GUY,Demerara-Mahaica,,
GUY-001023,,East Street,"305 East Street, Georgetown",GUY,Demerara-Mahaica,,
GUY-001024,,Sophia….,"Sophia, Greater Georgetown",GUY,Demerara-Mahaica,,
GUY-001025,,Sophia 'C' Field,"'C' Field, Sophia",GUY,Demerara-Mahaica,,
GUY-001026,,Bel Air,"48 Bel Air, Greater Georgetown",GUY,Demerara-Mahaica,,
GUY-001027,,Happy Hearts,"620 Stone Avenue, Campbellville",GUY,Demerara-Mahaica,,
GUY-001028,,Stella Maris,"Woolford Avenue, Thomas Lands",GUY,Demerara-Mahaica,,
GUY-001029,,Starters,236 Camp Street,GUY,Demerara-Mahaica,,
GUY-001030,,Lodge..,"Durban & Chapel Street, Lodge",GUY,Demerara-Mahaica,,
GUY-001031,,Alexander Village,West Ruimveldt,GUY,Demerara-Mahaica,,
GUY-001032,,St. Christopher,Perry St. Tucville,GUY,Demerara-Mahaica,,
GUY-001033,,Durban Backland (Agri),Lodge Chs. Compound,GUY,Demerara-Mahaica,,
GUY-001034,,Sophia (Agri),"Sophia, Greater Georgetown.",GUY,Demerara-Mahaica,,
GUY-001035,,Agricola (Ind. Arts),"Agricola, Greater Georgetown",GUY,Demerara-Mahaica,,
GUY-001036,,Agricola (Home Econ),"Agricola, Greater Georgetown",GUY,Demerara-Mahaica,,
GUY-001037,,Kingston (Ind. Arts),"Cowan St., Kingston",GUY,Demerara-Mahaica,,
GUY-001038,,Royal Academy,"149 Crown Street, Queenstown",GUY,Demerara-Mahaica,,
GUY-001039,,Green Acres,65 Brickdam,GUY,Demerara-Mahaica,,
GUY-001040,,School Of The Nation,"Parade Street, Kingston",GUY,Demerara-Mahaica,,
GUY-001041,,Mae'S Under 12,Third Avenue Subryanville,GUY,Demerara-Mahaica,,
GUY-001042,,New Guyana School,Brickdam,GUY,Demerara-Mahaica,,
GUY-001043,,Marian Academy,Carifesta Avenue,GUY,Demerara-Mahaica,,
GUY-001044,,Isa Islamic School,"307 East Street, Cummingsburg",GUY,Demerara-Mahaica,,
GUY-001045,,Emmanuel Educational Complex,Regent Street,GUY,Demerara-Mahaica,,
GUY-001046,,Nehemiah Comprehensive School,"60 Hadfield Street, W/Ville",GUY,Demerara-Mahaica,,
GUY-001047,,Guyana Educational Trust College,108N/1/2 Carmichael Street,GUY,Demerara-Mahaica,,
GUY-001048,,The Business School,"43 Brickdam, Stabroek",GUY,Demerara-Mahaica,,
GUY-001049,,"Bel Air,","48 Bel Air, Greater Georgetown",GUY,Demerara-Mahaica,,
GUY-001050,,Rama Krishna,105 Barr Street Kitty,GUY,Demerara-Mahaica,,
GUY-001051,,St. Gabriel'S ..,"Crown & Oronoque Streets, Queenstown",GUY,Demerara-Mahaica,,
GUY-001052,,Enterprise.,Durban Backland./Hadfield St. Lodge,GUY,Demerara-Mahaica,,
GUY-001053,,Winfer Gardens,305 East Street South Cummingsburg,GUY,Demerara-Mahaica,,
GUY-001054,,"Stella Maris ,.",Woolford Avenue,GUY,Demerara-Mahaica,,
GUY-001055,,St. Anne'S,"40 Brutus Street Agricola, Greater Georgetown",GUY,Demerara-Mahaica,,
GUY-001056,,St. Agnes..,"245 Church St, South Cummingsburg",GUY,Demerara-Mahaica,,
GUY-001057,,"North Georgetown.,","Woolford Avenue.,",GUY,Demerara-Mahaica,,
GUY-001058,,J.E. Burnham,"66 William Street, Kitty",GUY,Demerara-Mahaica,,
GUY-001059,,Graham'S Hall,"Graham'S Hall/ Industry, Greater G/Town",GUY,Demerara-Mahaica,,
GUY-001060,,St. Angela'S,247 Thomas Street,GUY,Demerara-Mahaica,,
GUY-001061,,F.E. Pollard,45-46 David Street Kitty,GUY,Demerara-Mahaica,,
GUY-001062,,St. Pius,Freeman Street  East La Penitence,GUY,Demerara-Mahaica,,
GUY-001063,,Ketley,"13 Ketley & Drysdale Streets, Charlestown",GUY,Demerara-Mahaica,,
GUY-001064,,Comenius,"49 Anira Street, Queenstown",GUY,Demerara-Mahaica,,
GUY-001065,,South Ruimveldt Park,"Macaw Lane, South Ruimveldt",GUY,Demerara-Mahaica,,
GUY-001066,,Sophia,"Sophia, Greater Georgetown",GUY,Demerara-Mahaica,,
GUY-001067,,St. Sidwell'S,1 Vlissengen Rd & Hadfield St. Lodge,GUY,Demerara-Mahaica,,
GUY-001068,,St. Stephen'S,74 St Stephen'S & Evans Streets,GUY,Demerara-Mahaica,,
GUY-001069,,Redeemer,218 Stone Ave & Sixth Street C'Ville,GUY,Demerara-Mahaica,,
GUY-001070,,West Ruimveldt,"'G' Waterlily Street,  West Ruimveldt",GUY,Demerara-Mahaica,,
GUY-001071,,St. Ambrose,47 Third & Light Streets,GUY,Demerara-Mahaica,,
GUY-001072,,Smith Memorial,33 Hadfield St Werk-En-Rust,GUY,Demerara-Mahaica,,
GUY-001073,,"St. Margaret'S .,",236 Camp Street South Cummingsburg,GUY,Demerara-Mahaica,,
GUY-001074,,Tucville,"Critchlow Street Tucville.,",GUY,Demerara-Mahaica,,
GUY-001075,,St. Thomas Moore,Rr Durban Street W/Ville,GUY,Demerara-Mahaica,,
GUY-001076,,North Ruimveldt,Nelson Mandels Avenue,GUY,Demerara-Mahaica,,
GUY-001077,,Houston,"Public Road, Houston, Greater Georgetown",GUY,Demerara-Mahaica,,
GUY-001078,,St. Winefride'S,"165 Garnett & Deabreu Streets, Newtown",GUY,Demerara-Mahaica,,
GUY-001079,,Kingston,"71 Barrack Street, Kingston",GUY,Demerara-Mahaica,,
GUY-001080,,Lodge,"20 Jamoon Drive, Meadow Brook Gardens",GUY,Demerara-Mahaica,,
GUY-001081,,Cummings Lodge .,6Th Street Cummings Lodge,GUY,Demerara-Mahaica,,
GUY-001082,,Queenstown,"158 New Garden Street, Queenstown.",GUY,Demerara-Mahaica,,
GUY-001083,,New Campbellville,"First & Sheriff Streets, Campbellivlle",GUY,Demerara-Mahaica,,
GUY-001084,,St. Rose'S High,245 Church Street,GUY,Demerara-Mahaica,,
GUY-001085,,"South Ruimveldt Park.,.",South Ruimveldt Pk. Gt,GUY,Demerara-Mahaica,,
GUY-001086,,St. Stanislaus College,"1, Brickdam, Stabroek",GUY,Demerara-Mahaica,,
GUY-001087,,New Central High,"56 Princess Street, Charlestown",GUY,Demerara-Mahaica,,
GUY-001088,,Freeburg,42 Palm & Northon Street Werk-En-Rust,GUY,Demerara-Mahaica,,
GUY-001089,,Brickdam,"45 Brickdam, Stabroek",GUY,Demerara-Mahaica,,
GUY-001090,,Richard Ishmael,Woolford  Avenue Thomas Lands  Georgetown,GUY,Demerara-Mahaica,,
GUY-001091,,Ascension,100 West Ruimveldt,GUY,Demerara-Mahaica,,
GUY-001092,,Tucville..,"Critchlow Street, Tucville",GUY,Demerara-Mahaica,,
GUY-001093,,Queen'S College,Camp & Thomas Road,GUY,Demerara-Mahaica,,
GUY-001094,,The Bishop'S High,84 Carmichael Street,GUY,Demerara-Mahaica,,
GUY-001095,,Carmel,"Charles Street, Charlestown",GUY,Demerara-Mahaica,,
GUY-001096,,St. John'S College,181 Waterloo Street,GUY,Demerara-Mahaica,,
GUY-001097,,Christ Church,204 Middle & Camp Streets,GUY,Demerara-Mahaica,,
GUY-001098,,"West Ruimveldt.,.","274 Front Rd, West Ruimveldt",GUY,Demerara-Mahaica,,
GUY-001099,,Tutorial High,"Woolford Avenue, Thomas Lands",GUY,Demerara-Mahaica,,
GUY-001100,,East Ruimveldt .,"743 A Avocado Place, East Ruimevldt",GUY,Demerara-Mahaica,,
GUY-001101,,Dolphin,"Broad Street, Charlestown",GUY,Demerara-Mahaica,,
GUY-001102,,St. George'S,"Company Path, Georgetown",GUY,Demerara-Mahaica,,
GUY-001103,,North   Georgetown,"Woolford Avenue, Thomas Lands",GUY,Demerara-Mahaica,,
GUY-001104,,Charlestown,44A Howes & Charles Streets,GUY,Demerara-Mahaica,,
GUY-001105,,St. Joseph High,"Woolford Avenue, Thomas Lands",GUY,Demerara-Mahaica,,
GUY-001106,,Regional Special Education Center,"Cyril Potter College Of Education, Turkeyen Campus",GUY,Demerara-Mahaica,,
GUY-001107,,David Rose Special,Thomas Lands,GUY,Demerara-Mahaica,,
GUY-001108,,St. Barnabas,"100 Regent St, Bourda",GUY,Demerara-Mahaica,,
GUY-001109,,Sophia Remedial Centre,"Sophia, Georgetown",GUY,Demerara-Mahaica,,
GUY-001110,,Guyana Industrial Training Centre,"Woolford Avenue, Thomas Lands",GUY,Demerara-Mahaica,,
GUY-001111,,Government Technical Institute,"Woolford Avenue, Thomas Land",GUY,Demerara-Mahaica,,
GUY-001112,,Carnegie School Of Home Economics,Durban And High Street Werk-En-Rust,GUY,Demerara-Mahaica,,
